{
  "tgt_index": 3,
  "ref_index": 0,
  "dark_mean_v": 0.0008158323174795889,
  "dark_drift_std_v": 6.72866470597748e-05,
  "n_trials": 10,
  "tgt_eta": 0.020837552902366024,
  "ref_eta": 0.02386897867629821,
  "fit": {
    "dphi_comb_rad": 2.997250328707618,
    "dphi_comb_deg": 171.7297939791452,
    "dphi_comb_err_rad": 0.0986142479574026,
    "dphi_comb_err_deg": 5.650180207815769,
    "a": 0.010360394804239968,
    "a_err": 0.0013165365207861376,
    "b": 0.05195103161065513,
    "b_err": 0.002125243509202355,
    "dark_resid_v": 0.0010028192500432707,
    "dark_resid_err_v": 3.971885719497316e-05,
    "chi2_red": 1.1709753663056606,
    "dof": 11,
    "birge": 1.082116151947498,
    "r2": 0.9975689350730342
  }
}