coordinate_px,wavelength_nm,level,intensity,raw_intensity_w
722.1532083784639,780.4486994888935,390,0.0007174130331018278,1.7272296710959999e-06
722.1532083784639,780.4486994888935,400,3.2550392145820975e-05,7.8614788296e-08
722.1532083784639,780.4486994888935,410,0.0018388455139332865,4.422944806216e-06
722.1532083784639,780.4486994888935,420,0.003503841614198622,8.431425709016e-06
722.1532083784639,780.4486994888935,430,0.007312709305603914,1.7573548987416002e-05
722.1532083784639,780.4486994888935,440,0.011988548551161613,2.8844853621016005e-05
722.1532083784639,780.4486994888935,450,0.020793810358139785,5.001369829581601e-05
722.1532083784639,780.4486994888935,460,0.0281704249454155,6.769238605181599e-05
722.1532083784639,780.4486994888935,470,0.03890113717243069,9.354633813181599e-05
722.1532083784639,780.4486994888935,480,0.049596315726387695,0.00011937662328381602
722.1532083784639,780.4486994888935,490,0.0636314303608958,0.000153124225091816
722.1532083784639,780.4486994888935,500,0.07708037407670333,0.000185435697179816
722.1532083784639,780.4486994888935,510,0.09031160105894237,0.000217251275999816
722.1532083784639,780.4486994888935,520,0.0994217662820661,0.00023929161194781597
722.1532083784639,780.4486994888935,530,0.11508708500967345,0.000276973294287816
722.1532083784639,780.4486994888935,540,0.13739826347397835,0.00033048431807181593
722.1532083784639,780.4486994888935,550,0.15413471890789798,0.00037082698885581596
722.1532083784639,780.4486994888935,560,0.17278679608303066,0.00041583460880781597
722.1532083784639,780.4486994888935,570,0.19281456739936048,0.000463867622447816
722.1532083784639,780.4486994888935,580,0.2128197515716221,0.000512125190047816
722.1532083784639,780.4486994888935,590,0.22648887181377192,0.0005450022088078159
722.1532083784639,780.4486994888935,600,0.25162693677684833,0.000604799508007816
722.1532083784639,780.4486994888935,610,0.28102310416976684,0.000675950363887816
722.1532083784639,780.4486994888935,620,0.29609217859812476,0.0007128746864478161
722.1532083784639,780.4486994888935,630,0.3336234937207462,0.000802043137567816
722.1532083784639,780.4486994888935,640,0.3224122110067906,0.000776050103527816
722.1532083784639,780.4486994888935,650,0.3561949603398979,0.0008574259468078159
722.1532083784639,780.4486994888935,660,0.39883175686699185,0.0009586965054478161
722.1532083784639,780.4486994888935,670,0.3867776151881647,0.0009304744913678159
722.1532083784639,780.4486994888935,680,0.41281026286776945,0.0009933908712478159
722.1532083784639,780.4486994888935,690,0.42889567182764166,0.0010319358462478158
722.1532083784639,780.4486994888935,700,0.42888168934334003,0.001032243087647816
722.1532083784639,780.4486994888935,710,0.45864576704317783,0.0011039358269678162
722.1532083784639,780.4486994888935,720,0.4452250408855763,0.001069543317967816
722.1532083784639,780.4486994888935,730,0.48414000971733195,0.001165820998447816
722.1532083784639,780.4486994888935,740,0.49500246167662915,0.001190324214527816
722.1532083784639,780.4486994888935,750,0.5059737647062422,0.0012181168942478158
722.1532083784639,780.4486994888935,760,0.518862080030306,0.001248297877047816
722.1532083784639,780.4486994888935,770,0.5326265024834642,0.0012825014984878158
722.1532083784639,780.4486994888935,780,0.5632382580460703,0.0013548771953678159
722.1532083784639,780.4486994888935,790,0.5447656222227175,0.001310773327007816
722.1532083784639,780.4486994888935,800,0.5682782595605206,0.001366633254047816
722.1532083784639,780.4486994888935,810,0.5656546974831869,0.0013607108197278162
722.1532083784639,780.4486994888935,820,0.5656971360362835,0.0013625191406478156
722.1532083784639,780.4486994888935,830,0.5650464548323911,0.0013597303434478162
722.1532083784639,780.4486994888935,840,0.5777631157578508,0.0013908793993278156
722.1532083784639,780.4486994888935,850,0.6017648387191511,0.001447167865367816
722.1532083784639,780.4486994888935,860,0.586655368386017,0.0014120857152878157
722.1532083784639,780.4486994888935,870,0.5865460496541525,0.001411064836847816
722.1532083784639,780.4486994888935,880,0.597628285430666,0.0014373635534078158
722.1532083784639,780.4486994888935,890,0.5778619464146221,0.0013916609900478157
722.1532083784639,780.4486994888935,900,0.5573441560839197,0.0013425691288478162
742.1532083784639,780.3304083602012,390,0.0007101344838007106,1.8127627305640002e-06
742.1532083784639,780.3304083602012,400,1.4190661752668476e-05,3.6419561684e-08
742.1532083784639,780.3304083602012,410,0.0016483708455729868,4.203953313084e-06
742.1532083784639,780.3304083602012,420,0.0035545387592555936,9.069255872684e-06
742.1532083784639,780.3304083602012,430,0.006914083101097438,1.7637838049084e-05
742.1532083784639,780.3304083602012,440,0.012218724200409904,3.1180138853084e-05
742.1532083784639,780.3304083602012,450,0.019918219338682173,5.0809267105083996e-05
742.1532083784639,780.3304083602012,460,0.028805574826181693,7.3486817581084e-05
742.1532083784639,780.3304083602012,470,0.03997262578459228,0.000101984214445084
742.1532083784639,780.3304083602012,480,0.05184946468212417,0.000132292337061084
742.1532083784639,780.3304083602012,490,0.0703208524192259,0.00017938418972508397
742.1532083784639,780.3304083602012,500,0.07770985838696552,0.000198253202417084
742.1532083784639,780.3304083602012,510,0.09156763653572352,0.00023365111837308402
742.1532083784639,780.3304083602012,520,0.10264689332987403,0.000261989457017084
742.1532083784639,780.3304083602012,530,0.11816619963602137,0.00030148944364508405
742.1532083784639,780.3304083602012,540,0.13574370224069277,0.00034632850134108396
742.1532083784639,780.3304083602012,550,0.14981667150364253,0.00038233717030108395
742.1532083784639,780.3304083602012,560,0.16939381808154644,0.000432206397737084
742.1532083784639,780.3304083602012,570,0.19674640590611595,0.0005020319559770841
742.1532083784639,780.3304083602012,580,0.20150644740978074,0.000514261258577084
742.1532083784639,780.3304083602012,590,0.24769430894130606,0.000631820924097084
742.1532083784639,780.3304083602012,600,0.24431325543191476,0.000623310616857084
742.1532083784639,780.3304083602012,610,0.28067925515909864,0.000716169775217084
742.1532083784639,780.3304083602012,620,0.2927508597159411,0.000747209679217084
742.1532083784639,780.3304083602012,630,0.3158960433340219,0.0008059979088970839
742.1532083784639,780.3304083602012,640,0.33559531455865754,0.0008561646735770839
742.1532083784639,780.3304083602012,650,0.3660931674776404,0.0009338695702170841
742.1532083784639,780.3304083602012,660,0.3529782777811701,0.000900366400417084
742.1532083784639,780.3304083602012,670,0.38464884617974177,0.000981465709457084
742.1532083784639,780.3304083602012,680,0.4200314917185395,0.001071523218817084
742.1532083784639,780.3304083602012,690,0.45573350610298036,0.001162857893857084
742.1532083784639,780.3304083602012,700,0.44879214282551877,0.001145233249337084
742.1532083784639,780.3304083602012,710,0.46394854529541485,0.001184040374937084
742.1532083784639,780.3304083602012,720,0.46949311541216737,0.001197960151217084
742.1532083784639,780.3304083602012,730,0.48949252151608535,0.0012486826684970842
742.1532083784639,780.3304083602012,740,0.5023751774164814,0.001282148605057084
742.1532083784639,780.3304083602012,750,0.511458521643168,0.001304696868337084
742.1532083784639,780.3304083602012,760,0.5404050952370322,0.0013789393204170842
742.1532083784639,780.3304083602012,770,0.5282818885994808,0.0013477188965370836
742.1532083784639,780.3304083602012,780,0.5580281922582181,0.001423525553697084
742.1532083784639,780.3304083602012,790,0.5492797019176453,0.0014015181385770839
742.1532083784639,780.3304083602012,800,0.563681133388582,0.001438635094537084
742.1532083784639,780.3304083602012,810,0.5459569574674731,0.001392994036577084
742.1532083784639,780.3304083602012,820,0.5889563317304186,0.001502483407417084
742.1532083784639,780.3304083602012,830,0.5686822672819756,0.0014506609502970837
742.1532083784639,780.3304083602012,840,0.5928078891003972,0.001512207676817084
742.1532083784639,780.3304083602012,850,0.5837128244211867,0.0014893858507770842
742.1532083784639,780.3304083602012,860,0.5873662433657819,0.001498603554137084
742.1532083784639,780.3304083602012,870,0.6033494368749456,0.0015398844982970838
742.1532083784639,780.3304083602012,880,0.5823230755761166,0.001485855656177084
742.1532083784639,780.3304083602012,890,0.56303145343106,0.001436522554657084
742.1532083784639,780.3304083602012,900,0.5888292021911188,0.001502455468577084
802.1532083784639,779.995630065823,390,0.00145662220605377,4.3215556219239996e-06
802.1532083784639,779.995630065823,400,3.298739121445367e-05,9.9941380496e-08
802.1532083784639,779.995630065823,410,0.0014902337336190714,4.515509983724e-06
802.1532083784639,779.995630065823,420,0.003226836574212307,9.804232147924e-06
802.1532083784639,779.995630065823,430,0.00692290148909145,2.0887368753124e-05
802.1532083784639,779.995630065823,440,0.011976642410501321,3.5892727266324e-05
802.1532083784639,779.995630065823,450,0.020447359459378114,6.1369550383524e-05
802.1532083784639,779.995630065823,460,0.028989066931091028,8.683371936352399e-05
802.1532083784639,779.995630065823,470,0.04457754005716183,0.000133794387099524
802.1532083784639,779.995630065823,480,0.053592283016847195,0.00016191560615152402
802.1532083784639,779.995630065823,490,0.06854026528628278,0.00020565279057552398
802.1532083784639,779.995630065823,500,0.08311540950859392,0.000250023616519524
802.1532083784639,779.995630065823,510,0.09551249126584593,0.000285623151851524
802.1532083784639,779.995630065823,520,0.11622971052838682,0.00034776745451152403
802.1532083784639,779.995630065823,530,0.12543686041079327,0.000378442700391524
802.1532083784639,779.995630065823,540,0.14463793212370446,0.000434466607127524
802.1532083784639,779.995630065823,550,0.16025164782181123,0.00048215673491152397
802.1532083784639,779.995630065823,560,0.1809111620984802,0.000543234906931524
802.1532083784639,779.995630065823,570,0.20374463746227078,0.000611039114211524
802.1532083784639,779.995630065823,580,0.23491911008357363,0.0007032134838915241
802.1532083784639,779.995630065823,590,0.24074805408260272,0.000725585284171524
802.1532083784639,779.995630065823,600,0.273470841278573,0.000821790744771524
802.1532083784639,779.995630065823,610,0.282447628009651,0.0008485289395315241
802.1532083784639,779.995630065823,620,0.3245751845816497,0.0009733339968515241
802.1532083784639,779.995630065823,630,0.3349042321022647,0.001009777871371524
802.1532083784639,779.995630065823,640,0.36497736346229137,0.001096252551651524
802.1532083784639,779.995630065823,650,0.385322072807758,0.0011565016223315239
802.1532083784639,779.995630065823,660,0.40229922968235493,0.001209976486571524
802.1532083784639,779.995630065823,670,0.4378296068840193,0.001314632154131524
802.1532083784639,779.995630065823,680,0.42557639978549133,0.001285701100291524
802.1532083784639,779.995630065823,690,0.46633283915084645,0.0014003371674515238
802.1532083784639,779.995630065823,700,0.47374581789519576,0.001430390883211524
802.1532083784639,779.995630065823,710,0.4753648088383077,0.0014244958766915239
802.1532083784639,779.995630065823,720,0.4708965952371393,0.0014145987692115239
802.1532083784639,779.995630065823,730,0.5288377755440298,0.001588965559251524
802.1532083784639,779.995630065823,740,0.5317776879648924,0.001596447152691524
802.1532083784639,779.995630065823,750,0.5612047534977005,0.001686974040251524
802.1532083784639,779.995630065823,760,0.5390056860713331,0.001631263758971524
802.1532083784639,779.995630065823,770,0.5706901689097331,0.001715636586531524
802.1532083784639,779.995630065823,780,0.579017442825902,0.001740981848131524
802.1532083784639,779.995630065823,790,0.6092985106699151,0.001832611649651524
802.1532083784639,779.995630065823,800,0.5938510662232483,0.0017880179602115243
802.1532083784639,779.995630065823,810,0.6154466925023376,0.001846000204411524
802.1532083784639,779.995630065823,820,0.6046587390125022,0.001818787562851524
802.1532083784639,779.995630065823,830,0.6277975269323567,0.0018874389003715238
802.1532083784639,779.995630065823,840,0.5812587488973584,0.001745759019211524
802.1532083784639,779.995630065823,850,0.5958710329821943,0.0017969999931715238
802.1532083784639,779.995630065823,860,0.6074814592530946,0.0018349065112515243
802.1532083784639,779.995630065823,870,0.6180212623630796,0.0018610321100915239
802.1532083784639,779.995630065823,880,0.6268933472156555,0.0018884022599715239
802.1532083784639,779.995630065823,890,0.5926444409201475,0.001787456671451524
802.1532083784639,779.995630065823,900,0.5895981821554123,0.0017860928400515242
822.1532083784639,779.8849146000064,390,0.0010185529675858067,3.270985648028e-06
822.1532083784639,779.8849146000064,400,7.868333643111209e-05,2.51939421748e-07
822.1532083784639,779.8849146000064,410,0.0017288065504398199,5.567675983628e-06
822.1532083784639,779.8849146000064,420,0.0032296848020231528,1.0415684578028001e-05
822.1532083784639,779.8849146000064,430,0.00655106074386414,2.1080760478828e-05
822.1532083784639,779.8849146000064,440,0.011971034700972551,3.8542793370828e-05
822.1532083784639,779.8849146000064,450,0.017811383873953673,5.7303371914828006e-05
822.1532083784639,779.8849146000064,460,0.029011929028288384,9.3269972794828e-05
822.1532083784639,779.8849146000064,470,0.04141255418505626,0.000133295912282828
822.1532083784639,779.8849146000064,480,0.0510813126652368,0.00016430571026282797
822.1532083784639,779.8849146000064,490,0.0616709483180175,0.000198799130682828
822.1532083784639,779.8849146000064,500,0.07675285152268944,0.000246931232226828
822.1532083784639,779.8849146000064,510,0.08883927769997742,0.000285784064982828
822.1532083784639,779.8849146000064,520,0.10286230524354474,0.00033122664974282796
822.1532083784639,779.8849146000064,530,0.12141005948748912,0.000390787395498828
822.1532083784639,779.8849146000064,540,0.141357088242802,0.000454979574258828
822.1532083784639,779.8849146000064,550,0.15946428336656487,0.000513321369298828
822.1532083784639,779.8849146000064,560,0.18011208408675547,0.0005803441680188279
822.1532083784639,779.8849146000064,570,0.18849807474114105,0.000607400500338828
822.1532083784639,779.8849146000064,580,0.22659937731067487,0.000729008798858828
822.1532083784639,779.8849146000064,590,0.246112829658246,0.000792618337178828
822.1532083784639,779.8849146000064,600,0.26683854622997916,0.0008586389644988279
822.1532083784639,779.8849146000064,610,0.27963666278073934,0.0009007944298988281
822.1532083784639,779.8849146000064,620,0.30755560679371896,0.0009910540638588278
822.1532083784639,779.8849146000064,630,0.31375179826464583,0.001011822448418828
822.1532083784639,779.8849146000064,640,0.35162434693518546,0.0011337592836988281
822.1532083784639,779.8849146000064,650,0.35707605077248034,0.0011497822994988279
822.1532083784639,779.8849146000064,660,0.39936036299022803,0.001284754019498828
822.1532083784639,779.8849146000064,670,0.4138213043973024,0.001331723163738828
822.1532083784639,779.8849146000064,680,0.4441709341597841,0.0014290819830188278
822.1532083784639,779.8849146000064,690,0.4206415491678138,0.001353579392618828
822.1532083784639,779.8849146000064,700,0.43956088988838693,0.001413445037178828
822.1532083784639,779.8849146000064,710,0.4398828799743174,0.0014150109959788278
822.1532083784639,779.8849146000064,720,0.47355417163302227,0.0015249759282588281
822.1532083784639,779.8849146000064,730,0.49511082077799545,0.0015928546310988278
822.1532083784639,779.8849146000064,740,0.48881662451444735,0.001574591974458828
822.1532083784639,779.8849146000064,750,0.4965895252310259,0.001595458172578828
822.1532083784639,779.8849146000064,760,0.553764008442412,0.001781903439778828
822.1532083784639,779.8849146000064,770,0.5509282865845304,0.0017735425232588279
822.1532083784639,779.8849146000064,780,0.5558801509252848,0.0017899626202588278
822.1532083784639,779.8849146000064,790,0.5864650246346781,0.001886079089738828
822.1532083784639,779.8849146000064,800,0.5682693991336597,0.0018307866836988278
822.1532083784639,779.8849146000064,810,0.5780841887159178,0.001859456668738828
822.1532083784639,779.8849146000064,820,0.577954989624279,0.0018610443144588282
822.1532083784639,779.8849146000064,830,0.594713029919849,0.0019120929246188281
822.1532083784639,779.8849146000064,840,0.6038773996626522,0.001945159033578828
822.1532083784639,779.8849146000064,850,0.5752298222929156,0.0018514522981388278
822.1532083784639,779.8849146000064,860,0.6366534502924455,0.002049064226418828
822.1532083784639,779.8849146000064,870,0.6193186506747423,0.0019941805388988283
822.1532083784639,779.8849146000064,880,0.615490048158465,0.001980672712858828
822.1532083784639,779.8849146000064,890,0.5712244288898493,0.001836286318658828
822.1532083784639,779.8849146000064,900,0.6146846337583033,0.0019795685796588276
842.1532083784639,779.7762521735888,390,0.0009887955581656725,3.4795518279400003e-06
842.1532083784639,779.7762521735888,400,6.789742058134028e-05,2.3941654074e-07
842.1532083784639,779.7762521735888,410,0.0018737252822420684,6.60668421714e-06
842.1532083784639,779.7762521735888,420,0.0039723271918943055,1.4000653739139999e-05
842.1532083784639,779.7762521735888,430,0.007633722666287534,2.6911790016739995e-05
842.1532083784639,779.7762521735888,440,0.013366500562105324,4.7102115552739995e-05
842.1532083784639,779.7762521735888,450,0.021128473689931412,7.458219920074001e-05
842.1532083784639,779.7762521735888,460,0.027931351469270976,9.831150230873999e-05
842.1532083784639,779.7762521735888,470,0.040009392882343564,0.00014111206626474
842.1532083784639,779.7762521735888,480,0.0550611070136034,0.00019416043852873998
842.1532083784639,779.7762521735888,490,0.06764451763491178,0.00023833897766874
842.1532083784639,779.7762521735888,500,0.08567405733319283,0.00030196963465674
842.1532083784639,779.7762521735888,510,0.09439413973527463,0.00033271698033673995
842.1532083784639,779.7762521735888,520,0.1122890532754678,0.00039592198885674
842.1532083784639,779.7762521735888,530,0.12754226666366614,0.0004499055430167401
842.1532083784639,779.7762521735888,540,0.1446346819875513,0.00050984007997674
842.1532083784639,779.7762521735888,550,0.16378260422875396,0.0005777877816967401
842.1532083784639,779.7762521735888,560,0.19243050038766354,0.0006783127460567401
842.1532083784639,779.7762521735888,570,0.2023682888311237,0.00071447688209674
842.1532083784639,779.7762521735888,580,0.22803257233978982,0.0008035318481367398
842.1532083784639,779.7762521735888,590,0.24952447883773235,0.0008793367907767401
842.1532083784639,779.7762521735888,600,0.2883230247342987,0.00101744939757674
842.1532083784639,779.7762521735888,610,0.2972041175150848,0.0010475128128967402
842.1532083784639,779.7762521735888,620,0.31574867693862396,0.00111462903345674
842.1532083784639,779.7762521735888,630,0.3411374891994368,0.00120406168377674
842.1532083784639,779.7762521735888,640,0.3606899783143106,0.00127054370793674
842.1532083784639,779.7762521735888,650,0.3885811490967964,0.0013706278113767398
842.1532083784639,779.7762521735888,660,0.4049420093838298,0.0014277087945367398
842.1532083784639,779.7762521735888,670,0.42037060089171185,0.0014820800966967398
842.1532083784639,779.7762521735888,680,0.4466861144854349,0.00157569343521674
842.1532083784639,779.7762521735888,690,0.47265653153568754,0.0016666574326967402
842.1532083784639,779.7762521735888,700,0.4973485915663432,0.0017537762184167403
842.1532083784639,779.7762521735888,710,0.4876003701813545,0.00171902179313674
842.1532083784639,779.7762521735888,720,0.5098260137144528,0.0017963312380167402
842.1532083784639,779.7762521735888,730,0.5150741478699242,0.00181484553577674
842.1532083784639,779.7762521735888,740,0.5496293697385575,0.0019362203468967398
842.1532083784639,779.7762521735888,750,0.566920569274766,0.0019986185652967397
842.1532083784639,779.7762521735888,760,0.5901370682576015,0.00208086174777674
842.1532083784639,779.7762521735888,770,0.5556909814708724,0.0019601045357767397
842.1532083784639,779.7762521735888,780,0.5761565204587579,0.00203142993185674
842.1532083784639,779.7762521735888,790,0.6028920125916253,0.00212586499213674
842.1532083784639,779.7762521735888,800,0.6005088451744881,0.00211844510081674
842.1532083784639,779.7762521735888,810,0.6141183626876351,0.00216464258061674
842.1532083784639,779.7762521735888,820,0.6188473719188442,0.0021836757974967396
842.1532083784639,779.7762521735888,830,0.607765628565407,0.0021457853229367397
842.1532083784639,779.7762521735888,840,0.6287359272423924,0.00221758153877674
842.1532083784639,779.7762521735888,850,0.6383827611315696,0.00225140360449674
842.1532083784639,779.7762521735888,860,0.6322675410769234,0.00222715455385674
842.1532083784639,779.7762521735888,870,0.6473000984617988,0.00228299054233674
842.1532083784639,779.7762521735888,880,0.6358259491304856,0.00224379072165674
842.1532083784639,779.7762521735888,890,0.6378104260097388,0.00224943873661674
842.1532083784639,779.7762521735888,900,0.6188192532612827,0.0021821267027767404
862.1532083784639,779.6637680131174,390,0.0011850767978941682,4.347200003276e-06
862.1532083784639,779.6637680131174,400,3.409076204837789e-05,1.25626899916e-07
862.1532083784639,779.6637680131174,410,0.0019363961838871745,7.119753314076001e-06
862.1532083784639,779.6637680131174,420,0.003564604706673967,1.3119976642876e-05
862.1532083784639,779.6637680131174,430,0.008100755932363264,2.9760084723276002e-05
862.1532083784639,779.6637680131174,440,0.011825331246386872,4.3441541703276006e-05
862.1532083784639,779.6637680131174,450,0.02259924370317639,8.288675743127602e-05
862.1532083784639,779.6637680131174,460,0.030895048851727478,0.00011373211143127599
862.1532083784639,779.6637680131174,470,0.043317826514466314,0.00015929366731127603
862.1532083784639,779.6637680131174,480,0.0574829794498354,0.000211132800743276
862.1532083784639,779.6637680131174,490,0.06934891408315493,0.00025488987621127596
862.1532083784639,779.6637680131174,500,0.08426972528881653,0.000309459962919276
862.1532083784639,779.6637680131174,510,0.09903329488314971,0.00036447070263927596
862.1532083784639,779.6637680131174,520,0.10854198623218257,0.0003991254580792761
862.1532083784639,779.6637680131174,530,0.12833260528375576,0.000471941622999276
862.1532083784639,779.6637680131174,540,0.15241074105738614,0.000560458326759276
862.1532083784639,779.6637680131174,550,0.16855483174283717,0.000620427392239276
862.1532083784639,779.6637680131174,560,0.2031367264091529,0.000746268456439276
862.1532083784639,779.6637680131174,570,0.21708853952176466,0.0007997465229992759
862.1532083784639,779.6637680131174,580,0.23599763863344872,0.000867446135239276
862.1532083784639,779.6637680131174,590,0.2574623806042242,0.000946468104999276
862.1532083784639,779.6637680131174,600,0.2855997798126498,0.001048638094119276
862.1532083784639,779.6637680131174,610,0.29429546624993097,0.001081027487319276
862.1532083784639,779.6637680131174,620,0.3190106964422343,0.001173081665439276
862.1532083784639,779.6637680131174,630,0.3596184342694204,0.001321714489359276
862.1532083784639,779.6637680131174,640,0.3754445438958356,0.001378545507599276
862.1532083784639,779.6637680131174,650,0.38962233345641195,0.0014318432597992758
862.1532083784639,779.6637680131174,660,0.4167150036299152,0.001532415236759276
862.1532083784639,779.6637680131174,670,0.4406673649534828,0.001618187136559276
862.1532083784639,779.6637680131174,680,0.45445813330541734,0.0016688503531992758
862.1532083784639,779.6637680131174,690,0.4687925432848346,0.0017253788007992764
862.1532083784639,779.6637680131174,700,0.4801662161550558,0.0017633234187192758
862.1532083784639,779.6637680131174,710,0.5040622334528744,0.001855280397519276
862.1532083784639,779.6637680131174,720,0.5250288026783813,0.001933228231559276
862.1532083784639,779.6637680131174,730,0.5175826866664474,0.0019025545753992758
862.1532083784639,779.6637680131174,740,0.544879971926066,0.0020000383323192763
862.1532083784639,779.6637680131174,750,0.5775463925975051,0.0021201174098392757
862.1532083784639,779.6637680131174,760,0.5858252944815586,0.0021523081017192757
862.1532083784639,779.6637680131174,770,0.570662133558962,0.002095863808519276
862.1532083784639,779.6637680131174,780,0.6138689430293146,0.002257878302239276
862.1532083784639,779.6637680131174,790,0.6094127913750098,0.002241600158839276
862.1532083784639,779.6637680131174,800,0.610880055480235,0.002246077013919276
862.1532083784639,779.6637680131174,810,0.5872351549698162,0.002158427421039276
862.1532083784639,779.6637680131174,820,0.6450285222163491,0.0023703304254792763
862.1532083784639,779.6637680131174,830,0.6758268268908707,0.002482699422199276
862.1532083784639,779.6637680131174,840,0.6198764920922449,0.002278441696119276
862.1532083784639,779.6637680131174,850,0.6347818577120685,0.0023349726429592764
862.1532083784639,779.6637680131174,860,0.6722539632261649,0.0024705144991192763
862.1532083784639,779.6637680131174,870,0.6557901763312934,0.0024071121705592762
862.1532083784639,779.6637680131174,880,0.6519764721495137,0.002395735632599276
862.1532083784639,779.6637680131174,890,0.6467529458162599,0.0023765220638392757
862.1532083784639,779.6637680131174,900,0.6504923692887412,0.002389572655119276
882.1532083784639,779.549325221717,390,0.0014977046586697822,6.134680911079201e-06
882.1532083784639,779.549325221717,400,4.775836398964872e-05,1.954955295992e-07
882.1532083784639,779.549325221717,410,0.001022767951758757,4.2190602423592e-06
882.1532083784639,779.549325221717,420,0.002539100582445775,1.0439745456279199e-05
882.1532083784639,779.549325221717,430,0.006350100133192408,2.6083592270279198e-05
882.1532083784639,779.549325221717,440,0.010816487009286717,4.4400035193879205e-05
882.1532083784639,779.549325221717,450,0.018252316715084302,7.496629967787919e-05
882.1532083784639,779.549325221717,460,0.02887625443911078,0.0001184748533658792
882.1532083784639,779.549325221717,470,0.04044681615416338,0.00016605125188587922
882.1532083784639,779.549325221717,480,0.04980589048043726,0.0002046271553138792
882.1532083784639,779.549325221717,490,0.05960107830952037,0.0002444836891778792
882.1532083784639,779.549325221717,500,0.0802286114160981,0.00032914121586587923
882.1532083784639,779.549325221717,510,0.09085639011353747,0.0003722475859458791
882.1532083784639,779.549325221717,520,0.10213980434020309,0.0004183802046258792
882.1532083784639,779.549325221717,530,0.12094463457821023,0.0004959265155058792
882.1532083784639,779.549325221717,540,0.1385674890991143,0.0005685834620658792
882.1532083784639,779.549325221717,550,0.16624214171665502,0.0006817640140658792
882.1532083784639,779.549325221717,560,0.1892434938880061,0.0007758361395458792
882.1532083784639,779.549325221717,570,0.21519122427955611,0.0008816942189458791
882.1532083784639,779.549325221717,580,0.223610814732838,0.0009177610520258792
882.1532083784639,779.549325221717,590,0.251683087167387,0.0010327466498258793
882.1532083784639,779.549325221717,600,0.2713446249536834,0.0011129059519858792
882.1532083784639,779.549325221717,610,0.2754180790384583,0.001130404110585879
882.1532083784639,779.549325221717,620,0.3108342238902838,0.0012763328080258793
882.1532083784639,779.549325221717,630,0.34435444390095926,0.0014130523414258793
882.1532083784639,779.549325221717,640,0.3394081569115022,0.0013930958833458793
882.1532083784639,779.549325221717,650,0.3520176878734124,0.0014438857592258792
882.1532083784639,779.549325221717,660,0.39409285086320234,0.0016194915965458791
882.1532083784639,779.549325221717,670,0.4046455633484552,0.001660112282185879
882.1532083784639,779.549325221717,680,0.42840389771155246,0.0017597221465458792
882.1532083784639,779.549325221717,690,0.4581985711543231,0.0018818081085858792
882.1532083784639,779.549325221717,700,0.46808778051578076,0.0019225783813858791
882.1532083784639,779.549325221717,710,0.4621039343213937,0.0018961874319858793
882.1532083784639,779.549325221717,720,0.48489145082249513,0.0019912631999058792
882.1532083784639,779.549325221717,730,0.5192899272709527,0.002128491755825879
882.1532083784639,779.549325221717,740,0.5292516274712589,0.0021747459445458795
882.1532083784639,779.549325221717,750,0.5692139297557364,0.0023377622491458794
882.1532083784639,779.549325221717,760,0.5620698932209297,0.0023049379607058794
882.1532083784639,779.549325221717,770,0.5730619267941064,0.002348992568025879
882.1532083784639,779.549325221717,780,0.5677274340396327,0.0023270565024658793
882.1532083784639,779.549325221717,790,0.6168005559500025,0.0025321776821458793
882.1532083784639,779.549325221717,800,0.6051980224090976,0.002484432347545879
882.1532083784639,779.549325221717,810,0.6095219394275724,0.002502440149785879
882.1532083784639,779.549325221717,820,0.6215061973682524,0.002550329485065879
882.1532083784639,779.549325221717,830,0.6164365086440327,0.002535076607345879
882.1532083784639,779.549325221717,840,0.6023948599278015,0.002471712166825879
882.1532083784639,779.549325221717,850,0.6152247083660227,0.0025279662607058787
882.1532083784639,779.549325221717,860,0.6268794643240861,0.0025707743347458795
882.1532083784639,779.549325221717,870,0.6216711209953091,0.002552568475225879
882.1532083784639,779.549325221717,880,0.615653145896178,0.0025286783992658794
882.1532083784639,779.549325221717,890,0.624323912551823,0.0025594998137458795
882.1532083784639,779.549325221717,900,0.6303424973289868,0.002588256479665879
902.1532083784639,779.4383431353692,390,0.0018885802337622116,8.036612859373599e-06
902.1532083784639,779.4383431353692,400,8.220479985367124e-05,3.4951140985360003e-07
902.1532083784639,779.4383431353692,410,0.0012034437182282156,5.119283496173601e-06
902.1532083784639,779.4383431353692,420,0.0025347061848195952,1.0786856398573601e-05
902.1532083784639,779.4383431353692,430,0.006729679394784713,2.8650484806973597e-05
902.1532083784639,779.4383431353692,440,0.011713861697825803,4.9867351762973596e-05
902.1532083784639,779.4383431353692,450,0.019437947806314318,8.268241320697361e-05
902.1532083784639,779.4383431353692,460,0.028545441410664462,0.00012147584669897361
902.1532083784639,779.4383431353692,470,0.03916851588820831,0.00016660913420697362
902.1532083784639,779.4383431353692,480,0.05331836715417643,0.00022690077580297358
902.1532083784639,779.4383431353692,490,0.06212673632877106,0.00026444149210697363
902.1532083784639,779.4383431353692,500,0.08541776431216444,0.00036329741841897357
902.1532083784639,779.4383431353692,510,0.08998536717155282,0.0003827098253789735
902.1532083784639,779.4383431353692,520,0.10143265669564867,0.00043179548309897354
902.1532083784639,779.4383431353692,530,0.1207120338855815,0.0005135240922989735
902.1532083784639,779.4383431353692,540,0.1458416528205319,0.0006207014761389736
902.1532083784639,779.4383431353692,550,0.16734667883965565,0.0007115445887389736
902.1532083784639,779.4383431353692,560,0.18255048865224782,0.0007766540676589735
902.1532083784639,779.4383431353692,570,0.1946561547954947,0.0008284612125789737
902.1532083784639,779.4383431353692,580,0.2246613717586179,0.0009558318933389736
902.1532083784639,779.4383431353692,590,0.2527507410349159,0.0010750058082989737
902.1532083784639,779.4383431353692,600,0.2708020337084069,0.0011526811527789737
902.1532083784639,779.4383431353692,610,0.28824293934384326,0.0012264803086589734
902.1532083784639,779.4383431353692,620,0.30865736026049995,0.0013136677968989736
902.1532083784639,779.4383431353692,630,0.3286684643133298,0.0013984059597789737
902.1532083784639,779.4383431353692,640,0.36557243889851526,0.0015551373975789735
902.1532083784639,779.4383431353692,650,0.38234499281474305,0.0016277953313389736
902.1532083784639,779.4383431353692,660,0.41429060005251644,0.0017629405706989737
902.1532083784639,779.4383431353692,670,0.4201253516907794,0.0017889952608189734
902.1532083784639,779.4383431353692,680,0.44881245173176815,0.0019093599700189734
902.1532083784639,779.4383431353692,690,0.4376737214102135,0.0018637344617789737
902.1532083784639,779.4383431353692,700,0.4811498249810128,0.0020462486356989736
902.1532083784639,779.4383431353692,710,0.48396028877955793,0.002061108701098974
902.1532083784639,779.4383431353692,720,0.47873348372629676,0.0020389992606589737
902.1532083784639,779.4383431353692,730,0.5189917963559597,0.0022094668614189733
902.1532083784639,779.4383431353692,740,0.5138029110573489,0.0021893862893789732
902.1532083784639,779.4383431353692,750,0.5366231337001657,0.0022851300403389737
902.1532083784639,779.4383431353692,760,0.5236145409469739,0.0022293668571789736
902.1532083784639,779.4383431353692,770,0.5401574725199229,0.002298078417138974
902.1532083784639,779.4383431353692,780,0.5621926434837086,0.002393236030498974
902.1532083784639,779.4383431353692,790,0.6054176276491195,0.0025753788055389738
902.1532083784639,779.4383431353692,800,0.5748621207054053,0.002446152351058973
902.1532083784639,779.4383431353692,810,0.6210162135866194,0.0026407049510989737
902.1532083784639,779.4383431353692,820,0.5869001811331571,0.0024986036172189737
902.1532083784639,779.4383431353692,830,0.6234001403818226,0.002654635910818974
902.1532083784639,779.4383431353692,840,0.6117193163873612,0.0026037958482589734
902.1532083784639,779.4383431353692,850,0.6106887474337652,0.0026011576940189736
902.1532083784639,779.4383431353692,860,0.6515766982225518,0.0027736961303789737
902.1532083784639,779.4383431353692,870,0.614624140621173,0.002614584113938974
902.1532083784639,779.4383431353692,880,0.6070544626821934,0.0025838184763789735
902.1532083784639,779.4383431353692,890,0.6630379371990981,0.0028203509123389736
902.1532083784639,779.4383431353692,900,0.6220595079923642,0.0026482871448189737
922.1532083784639,779.3295254521826,390,0.0009660596955359292,4.262177297516e-06
922.1532083784639,779.3295254521826,400,3.4346599218557544e-05,1.5190065673999999e-07
922.1532083784639,779.3295254521826,410,0.0023278429903877147,1.0296484690715998e-05
922.1532083784639,779.3295254521826,420,0.003497738021161245,1.5468345239115997e-05
922.1532083784639,779.3295254521826,430,0.007859927368870208,3.4753707841916006e-05
922.1532083784639,779.3295254521826,440,0.013710012679008511,6.0643451901916e-05
922.1532083784639,779.3295254521826,450,0.022330781142144547,9.869761777791602e-05
922.1532083784639,779.3295254521826,460,0.03133708791476666,0.00013853839584991598
922.1532083784639,779.3295254521826,470,0.04395799561064199,0.00019440042361391598
922.1532083784639,779.3295254521826,480,0.05535630831940314,0.00024474524074191603
922.1532083784639,779.3295254521826,490,0.06729574841829526,0.000297607238181916
922.1532083784639,779.3295254521826,500,0.08218348569448608,0.000363435354325916
922.1532083784639,779.3295254521826,510,0.10490996353253765,0.000463652607125916
922.1532083784639,779.3295254521826,520,0.1165336553306826,0.000515246663965916
922.1532083784639,779.3295254521826,530,0.12495700037994707,0.000552363976925916
922.1532083784639,779.3295254521826,540,0.14224020313184854,0.000628859085525916
922.1532083784639,779.3295254521826,550,0.1747292571507072,0.000772619155645916
922.1532083784639,779.3295254521826,560,0.19285921256461477,0.0008527402715659162
922.1532083784639,779.3295254521826,570,0.1973684904940837,0.000872501072485916
922.1532083784639,779.3295254521826,580,0.22422625966146664,0.000991177264205916
922.1532083784639,779.3295254521826,590,0.2536790945007053,0.001121600448525916
922.1532083784639,779.3295254521826,600,0.2911817156309145,0.0012872242870059162
922.1532083784639,779.3295254521826,610,0.2960949180102394,0.0013088141336459159
922.1532083784639,779.3295254521826,620,0.3126821956367629,0.001382750941925916
922.1532083784639,779.3295254521826,630,0.3592983634048725,0.0015878421978459162
922.1532083784639,779.3295254521826,640,0.36034195926041135,0.0015922892075659158
922.1532083784639,779.3295254521826,650,0.3875043079241413,0.0017130130076059159
922.1532083784639,779.3295254521826,660,0.3946882423429788,0.0017450956867259163
922.1532083784639,779.3295254521826,670,0.43063061105085404,0.001904111100405916
922.1532083784639,779.3295254521826,680,0.45350816223617973,0.002004508563845916
922.1532083784639,779.3295254521826,690,0.4800277143532751,0.002122574266605916
922.1532083784639,779.3295254521826,700,0.4949776922559323,0.002187935659205916
922.1532083784639,779.3295254521826,710,0.513407882937128,0.002270126096765916
922.1532083784639,779.3295254521826,720,0.525242500402911,0.002321116810685916
922.1532083784639,779.3295254521826,730,0.5556962787769695,0.002457546533005916
922.1532083784639,779.3295254521826,740,0.5901624707590087,0.002608272585325916
922.1532083784639,779.3295254521826,750,0.582033138060752,0.002573237689245916
922.1532083784639,779.3295254521826,760,0.5925733340416273,0.002620070163285916
922.1532083784639,779.3295254521826,770,0.5834415413146435,0.002579882444725916
922.1532083784639,779.3295254521826,780,0.5814872819777146,0.002571473712565916
922.1532083784639,779.3295254521826,790,0.6254087219836216,0.002765753835445916
922.1532083784639,779.3295254521826,800,0.6471786123682232,0.0028607992368459164
922.1532083784639,779.3295254521826,810,0.6905302087316226,0.003052663686845916
922.1532083784639,779.3295254521826,820,0.6568779653781259,0.0029037214658859155
922.1532083784639,779.3295254521826,830,0.6052692252815134,0.0026759186232859157
922.1532083784639,779.3295254521826,840,0.6352957536400212,0.002810072940885916
922.1532083784639,779.3295254521826,850,0.6451869251293588,0.002852996781605916
922.1532083784639,779.3295254521826,860,0.6809809945977098,0.0030110348417259165
922.1532083784639,779.3295254521826,870,0.6992952784677452,0.003091069037645916
922.1532083784639,779.3295254521826,880,0.6544466398207897,0.0028936046122859157
922.1532083784639,779.3295254521826,890,0.6512878625882894,0.002879806929965916
922.1532083784639,779.3295254521826,900,0.6132023755472713,0.002710751636125916
942.1532083784639,779.210883675106,390,0.0007486558083813293,3.45038462316e-06
942.1532083784639,779.210883675106,400,5.674913552417022e-05,2.6178985936e-07
942.1532083784639,779.210883675106,410,0.0019338864729066831,8.93728236196e-06
942.1532083784639,779.210883675106,420,0.004017120439627398,1.8550494829959997e-05
942.1532083784639,779.210883675106,430,0.008762795701911396,4.039650967476e-05
942.1532083784639,779.210883675106,440,0.013755812484215086,6.341726158276e-05
942.1532083784639,779.210883675106,450,0.021657922156272377,9.990229314275999e-05
942.1532083784639,779.210883675106,460,0.03223152173859469,0.00014884311095075998
942.1532083784639,779.210883675106,470,0.0422771721787291,0.00019522690330675996
942.1532083784639,779.210883675106,480,0.055986050855618405,0.00025828168101476
942.1532083784639,779.210883675106,490,0.06968895397011038,0.00032170190092676
942.1532083784639,779.210883675106,500,0.08567214834151901,0.00039496525475476
942.1532083784639,779.210883675106,510,0.10589143611832341,0.00048958952139476
942.1532083784639,779.210883675106,520,0.12033607415002448,0.00055574985415476
942.1532083784639,779.210883675106,530,0.11872899227262336,0.00054782629087476
942.1532083784639,779.210883675106,540,0.16088686998010931,0.00074252881571476
942.1532083784639,779.210883675106,550,0.17011123479365953,0.00078628128363476
942.1532083784639,779.210883675106,560,0.21384047536314424,0.00098841543647476
942.1532083784639,779.210883675106,570,0.21562250703533714,0.0009949223439947598
942.1532083784639,779.210883675106,580,0.2423472479230876,0.00112009728599476
942.1532083784639,779.210883675106,590,0.2718861235700418,0.00125446029943476
942.1532083784639,779.210883675106,600,0.28339313099380353,0.0013074164769147601
942.1532083784639,779.210883675106,610,0.30686477821136654,0.0014159617339947598
942.1532083784639,779.210883675106,620,0.33311707712518784,0.0015395914154747597
942.1532083784639,779.210883675106,630,0.3544900453816022,0.0016376964840747598
942.1532083784639,779.210883675106,640,0.38275897840119655,0.00176582498995476
942.1532083784639,779.210883675106,650,0.39210232876101947,0.0018113840199547602
942.1532083784639,779.210883675106,660,0.42174927874669704,0.00194616428551476
942.1532083784639,779.210883675106,670,0.45635056320272516,0.00210454807635476
942.1532083784639,779.210883675106,680,0.4485364218139006,0.00207069517875476
942.1532083784639,779.210883675106,690,0.45012112672461024,0.00207618304531476
942.1532083784639,779.210883675106,700,0.5048988334735143,0.00233050425959476
942.1532083784639,779.210883675106,710,0.5376171182009495,0.0024819769571547603
942.1532083784639,779.210883675106,720,0.5712065001673979,0.00263670351495476
942.1532083784639,779.210883675106,730,0.588205082399948,0.00271342329467476
942.1532083784639,779.210883675106,740,0.5420771101558217,0.00250607087135476
942.1532083784639,779.210883675106,750,0.5753357609941852,0.0026538771707947605
942.1532083784639,779.210883675106,760,0.6037004615507499,0.00278287289415476
942.1532083784639,779.210883675106,770,0.5763071571241435,0.00266311681667476
942.1532083784639,779.210883675106,780,0.5253876656805448,0.00242530055075476
942.1532083784639,779.210883675106,790,0.5878547600096283,0.00271246945855476
942.1532083784639,779.210883675106,800,0.610666673656819,0.0028193271075547606
942.1532083784639,779.210883675106,810,0.5966086874785053,0.00275611217483476
942.1532083784639,779.210883675106,820,0.6233967159519637,0.0028775273811947606
942.1532083784639,779.210883675106,830,0.6301078511645776,0.0029090864385947594
942.1532083784639,779.210883675106,840,0.6469058039512344,0.0029886926460747604
942.1532083784639,779.210883675106,850,0.6506566870160266,0.00300852574495476
942.1532083784639,779.210883675106,860,0.6926035362562867,0.0032007395644747605
942.1532083784639,779.210883675106,870,0.6792621769663562,0.0031344735354347604
942.1532083784639,779.210883675106,880,0.6226107060142179,0.0028770629776347593
942.1532083784639,779.210883675106,890,0.6379984807961444,0.0029510523073947603
942.1532083784639,779.210883675106,900,0.655480164264634,0.0030197104339147597
962.1532083784639,779.0999627992984,390,0.0008451236862514462,4.280392605972001e-06
962.1532083784639,779.0999627992984,400,2.5223374774297983e-05,1.27567579016e-07
962.1532083784639,779.0999627992984,410,0.0014366109297015677,7.3072450135719995e-06
962.1532083784639,779.0999627992984,420,0.00367627648812731,1.8669841135572e-05
962.1532083784639,779.0999627992984,430,0.006295157455381418,3.1942910947572e-05
962.1532083784639,779.0999627992984,440,0.01205772186606629,6.124177504757201e-05
962.1532083784639,779.0999627992984,450,0.021873541913491303,0.00011114132086757201
962.1532083784639,779.0999627992984,460,0.03164550412278443,0.00016066175321557198
962.1532083784639,779.0999627992984,470,0.04256141416619401,0.00021603407739557198
962.1532083784639,779.0999627992984,480,0.055344281358248856,0.00028111147804357197
962.1532083784639,779.0999627992984,490,0.069705945679624,0.00035375497646357196
962.1532083784639,779.0999627992984,500,0.08128014728183464,0.0004128565246155721
962.1532083784639,779.0999627992984,510,0.09482213308493151,0.00048152433956357197
962.1532083784639,779.0999627992984,520,0.11034861934709976,0.000560534070043572
962.1532083784639,779.0999627992984,530,0.12289524657508105,0.000624073993803572
962.1532083784639,779.0999627992984,540,0.14007604689722997,0.0007112944186435721
962.1532083784639,779.0999627992984,550,0.1686287777141354,0.000856065154003572
962.1532083784639,779.0999627992984,560,0.19322891702184328,0.0009810883003235722
962.1532083784639,779.0999627992984,570,0.20200309742659572,0.0010259806620035719
962.1532083784639,779.0999627992984,580,0.23757360569188815,0.001205805183403572
962.1532083784639,779.0999627992984,590,0.2505732582379695,0.001272778767203572
962.1532083784639,779.0999627992984,600,0.2639143059914641,0.001339853006723572
962.1532083784639,779.0999627992984,610,0.29185346933203493,0.0014815167108435717
962.1532083784639,779.0999627992984,620,0.29080248350893,0.001475229631443572
962.1532083784639,779.0999627992984,630,0.346709062142028,0.001760682432763572
962.1532083784639,779.0999627992984,640,0.3537438013948984,0.001796176377923572
962.1532083784639,779.0999627992984,650,0.3738644437959029,0.0018991821009635718
962.1532083784639,779.0999627992984,660,0.40724547118439397,0.0020672064167635723
962.1532083784639,779.0999627992984,670,0.42408958607812897,0.0021535780660435723
962.1532083784639,779.0999627992984,680,0.43163460457434605,0.002193013088043572
962.1532083784639,779.0999627992984,690,0.4675235507076367,0.0023732093827635724
962.1532083784639,779.0999627992984,700,0.49800779154191693,0.002528197441763572
962.1532083784639,779.0999627992984,710,0.48898231419313776,0.002481606569003572
962.1532083784639,779.0999627992984,720,0.45694371100289,0.002320780884763572
962.1532083784639,779.0999627992984,730,0.5285789147694038,0.0026848397665635722
962.1532083784639,779.0999627992984,740,0.5322219379214966,0.0027028561777635717
962.1532083784639,779.0999627992984,750,0.5751446016332928,0.0029211614922035715
962.1532083784639,779.0999627992984,760,0.5111559435238817,0.0025958865334035717
962.1532083784639,779.0999627992984,770,0.5636976462078409,0.002861772069123572
962.1532083784639,779.0999627992984,780,0.5865645962300647,0.0029782221989235725
962.1532083784639,779.0999627992984,790,0.6592041996044867,0.003345103196683572
962.1532083784639,779.0999627992984,800,0.6020990439034309,0.0030570608713635723
962.1532083784639,779.0999627992984,810,0.6216950994245188,0.0031566408292435723
962.1532083784639,779.0999627992984,820,0.6077866751347906,0.003087052620603572
962.1532083784639,779.0999627992984,830,0.6325944499959271,0.003210742971003572
962.1532083784639,779.0999627992984,840,0.6066348034124471,0.0030798371853235722
962.1532083784639,779.0999627992984,850,0.6530974014139102,0.0033164440429635724
962.1532083784639,779.0999627992984,860,0.6194673771405942,0.0031455373898835715
962.1532083784639,779.0999627992984,870,0.6047864777598441,0.003071812801603572
962.1532083784639,779.0999627992984,880,0.6174869310083518,0.0031339881738435722
962.1532083784639,779.0999627992984,890,0.5817982517121297,0.002952647756683572
962.1532083784639,779.0999627992984,900,0.6238770712528211,0.0031685785680035726
982.1532083784639,778.9843072874213,390,0.0014952539807866023,7.9277964506384e-06
982.1532083784639,778.9843072874213,400,3.177792304027948e-05,1.6854179299840003e-07
982.1532083784639,778.9843072874213,410,0.0011255630960770708,6.0155482058384005e-06
982.1532083784639,778.9843072874213,420,0.0026894020031478804,1.4301925885438398e-05
982.1532083784639,778.9843072874213,430,0.005034050801897877,2.6863349065838405e-05
982.1532083784639,778.9843072874213,440,0.01057179082780314,5.6278258097838395e-05
982.1532083784639,778.9843072874213,450,0.018784195197323654,9.98846523298384e-05
982.1532083784639,778.9843072874213,460,0.026172620734732317,0.00013906474596583838
982.1532083784639,778.9843072874213,470,0.032016083100003284,0.00017026426511783838
982.1532083784639,778.9843072874213,480,0.047817608305818424,0.0002546156499178384
982.1532083784639,778.9843072874213,490,0.06147456487377892,0.00032749224330583845
982.1532083784639,778.9843072874213,500,0.0761752396361414,0.00040504260885383843
982.1532083784639,778.9843072874213,510,0.09019672702560712,0.00048011744701383834
982.1532083784639,778.9843072874213,520,0.10040446179609103,0.0005348450064538384
982.1532083784639,778.9843072874213,530,0.11537635939147398,0.0006144029918938383
982.1532083784639,778.9843072874213,540,0.13556844148448044,0.0007209195500138384
982.1532083784639,778.9843072874213,550,0.15650207007496783,0.0008316456058938385
982.1532083784639,778.9843072874213,560,0.1808677563663948,0.0009611898958138385
982.1532083784639,778.9843072874213,570,0.1779619484367397,0.0009482620058138383
982.1532083784639,778.9843072874213,580,0.218767774877096,0.0011659751363338384
982.1532083784639,778.9843072874213,590,0.23639984596541208,0.0012581740145738382
982.1532083784639,778.9843072874213,600,0.26000376788594487,0.0013875202050938383
982.1532083784639,778.9843072874213,610,0.27548144645932016,0.0014658852614138382
982.1532083784639,778.9843072874213,620,0.29813433362675423,0.0015873031552938383
982.1532083784639,778.9843072874213,630,0.32616023084928014,0.0017376422269338384
982.1532083784639,778.9843072874213,640,0.33442587229891496,0.0017794708054138383
982.1532083784639,778.9843072874213,650,0.3552773637410261,0.001892609198053838
982.1532083784639,778.9843072874213,660,0.3969667680009369,0.002114310854413838
982.1532083784639,778.9843072874213,670,0.41320465902374764,0.002200803895053838
982.1532083784639,778.9843072874213,680,0.39834067685631025,0.0021233620541738383
982.1532083784639,778.9843072874213,690,0.42126636421485975,0.0022468997368538385
982.1532083784639,778.9843072874213,700,0.4683789648842429,0.0024926794503738383
982.1532083784639,778.9843072874213,710,0.5088896179689238,0.0027105132338138384
982.1532083784639,778.9843072874213,720,0.45345408251913794,0.0024133577070138386
982.1532083784639,778.9843072874213,730,0.4856609040566548,0.002585263852373838
982.1532083784639,778.9843072874213,740,0.45112697548017605,0.002405484719973838
982.1532083784639,778.9843072874213,750,0.5329647150934834,0.0028398849963738376
982.1532083784639,778.9843072874213,760,0.5347073532439937,0.0028462653185738385
982.1532083784639,778.9843072874213,770,0.5340770791932857,0.002846953340653838
982.1532083784639,778.9843072874213,780,0.56440844117579,0.0030060618668538387
982.1532083784639,778.9843072874213,790,0.5599931688931884,0.0029797079538938383
982.1532083784639,778.9843072874213,800,0.5785046613320545,0.003080522788853838
982.1532083784639,778.9843072874213,810,0.6051178636130647,0.0032239587642138388
982.1532083784639,778.9843072874213,820,0.5396816878407703,0.0028742776414938387
982.1532083784639,778.9843072874213,830,0.6214693579082045,0.003307053768213838
982.1532083784639,778.9843072874213,840,0.6332263462627158,0.003371681544573838
982.1532083784639,778.9843072874213,850,0.5810826762192485,0.0030916189618938384
982.1532083784639,778.9843072874213,860,0.6748785423661637,0.0035925301712538384
982.1532083784639,778.9843072874213,870,0.6369281565735453,0.003388716630173838
982.1532083784639,778.9843072874213,880,0.5526756772626542,0.002947876811253838
982.1532083784639,778.9843072874213,890,0.6025384523836321,0.003213070906933838
982.1532083784639,778.9843072874213,900,0.6229538993004546,0.0033139359873338384
1002.1532083784639,778.8781408619557,390,0.0013520100989615398,7.787772709919999e-06
1002.1532083784639,778.8781408619557,400,7.782902010157648e-06,4.464450044e-08
1002.1532083784639,778.8781408619557,410,0.001569840622381137,9.043150191120001e-06
1002.1532083784639,778.8781408619557,420,0.003155030888086035,1.817053807952e-05
1002.1532083784639,778.8781408619557,430,0.00646723015053092,3.724973831032e-05
1002.1532083784639,778.8781408619557,440,0.012189224445231312,7.022244105752e-05
1002.1532083784639,778.8781408619557,450,0.019099460500928617,0.00011001366832552
1002.1532083784639,778.8781408619557,460,0.029699269316701245,0.00017108696125352
1002.1532083784639,778.8781408619557,470,0.04053294918502038,0.00023346362779752002
1002.1532083784639,778.8781408619557,480,0.051172622644070485,0.00029479444630552
1002.1532083784639,778.8781408619557,490,0.06353886077232587,0.0003659956661815199
1002.1532083784639,778.8781408619557,500,0.0759245974666065,0.00043733032030551994
1002.1532083784639,778.8781408619557,510,0.08635957238298905,0.00049750185982552
1002.1532083784639,778.8781408619557,520,0.10140656446073669,0.00058411645394552
1002.1532083784639,778.8781408619557,530,0.12155494508194405,0.0007000056447855199
1002.1532083784639,778.8781408619557,540,0.14042580583548184,0.00080890906574552
1002.1532083784639,778.8781408619557,550,0.16617747129451732,0.00095717822770552
1002.1532083784639,778.8781408619557,560,0.18685568507071776,0.00107626161086552
1002.1532083784639,778.8781408619557,570,0.20200655103796936,0.00116358737706552
1002.1532083784639,778.8781408619557,580,0.2304145947923906,0.00132717038994552
1002.1532083784639,778.8781408619557,590,0.23538825880157535,0.0013562280514255202
1002.1532083784639,778.8781408619557,600,0.2698913848934691,0.0015546355572255202
1002.1532083784639,778.8781408619557,610,0.2853741432632722,0.00164378618530552
1002.1532083784639,778.8781408619557,620,0.31575489756020664,0.00181877580942552
1002.1532083784639,778.8781408619557,630,0.3232651425595126,0.00186230382906552
1002.1532083784639,778.8781408619557,640,0.3618345827392156,0.00208376844134552
1002.1532083784639,778.8781408619557,650,0.38258203873873353,0.0022035192320255205
1002.1532083784639,778.8781408619557,660,0.3582053366862876,0.00206341751670552
1002.1532083784639,778.8781408619557,670,0.4058648706590553,0.0023379468832655202
1002.1532083784639,778.8781408619557,680,0.43383888555420647,0.00249903448926552
1002.1532083784639,778.8781408619557,690,0.4259079269559471,0.00245311406338552
1002.1532083784639,778.8781408619557,700,0.4972354897311914,0.0028641704837055197
1002.1532083784639,778.8781408619557,710,0.4837959847343939,0.0027864585921455205
1002.1532083784639,778.8781408619557,720,0.4989814635957414,0.0028741190437055197
1002.1532083784639,778.8781408619557,730,0.5251521223274963,0.00302491763974552
1002.1532083784639,778.8781408619557,740,0.5610918615154656,0.0032310220635855197
1002.1532083784639,778.8781408619557,750,0.537351885319204,0.00309563731634552
1002.1532083784639,778.8781408619557,760,0.5359929189606036,0.003087729083465521
1002.1532083784639,778.8781408619557,770,0.5354647336641429,0.0030848014880255205
1002.1532083784639,778.8781408619557,780,0.6040376330439072,0.00347904861638552
1002.1532083784639,778.8781408619557,790,0.5779760950308412,0.00332882477150552
1002.1532083784639,778.8781408619557,800,0.6061587941326014,0.00349137423838552
1002.1532083784639,778.8781408619557,810,0.6296868335381857,0.0036267682015855202
1002.1532083784639,778.8781408619557,820,0.5777418003535597,0.0033282851565855204
1002.1532083784639,778.8781408619557,830,0.6009829401433412,0.00346172905842552
1002.1532083784639,778.8781408619557,840,0.6013331584397819,0.0034649532097455193
1002.1532083784639,778.8781408619557,850,0.6127076327671073,0.00352915286646552
1002.1532083784639,778.8781408619557,860,0.6703064298591702,0.0038604067683855204
1002.1532083784639,778.8781408619557,870,0.6094877774611479,0.0035114053178255194
1002.1532083784639,778.8781408619557,880,0.6277433227137504,0.00361511657642552
1002.1532083784639,778.8781408619557,890,0.5873015223752817,0.00338334338850552
1002.1532083784639,778.8781408619557,900,0.6159254985905436,0.003548472291265519
1022.1532083784639,778.7657647723114,390,0.0014032404643420364,7.781868411264e-06
1022.1532083784639,778.7657647723114,400,5.668291846567697e-05,3.1614983522400005e-07
1022.1532083784639,778.7657647723114,410,0.001518863101313041,8.421854731264e-06
1022.1532083784639,778.7657647723114,420,0.0032449241564141045,1.8006840688864e-05
1022.1532083784639,778.7657647723114,430,0.006821385302641043,3.7808841987664e-05
1022.1532083784639,778.7657647723114,440,0.01232003037171586,6.8404745687664e-05
1022.1532083784639,778.7657647723114,450,0.021332642549748492,0.00011842157836766399
1022.1532083784639,778.7657647723114,460,0.030031455452491595,0.000166767791171664
1022.1532083784639,778.7657647723114,470,0.04113449175345621,0.000228332515531664
1022.1532083784639,778.7657647723114,480,0.052623341747792825,0.000291852073963664
1022.1532083784639,778.7657647723114,490,0.06813439988243128,0.00037835923723166404
1022.1532083784639,778.7657647723114,500,0.08462962265497344,0.00046966433252766394
1022.1532083784639,778.7657647723114,510,0.09576054566623247,0.000531803203887664
1022.1532083784639,778.7657647723114,520,0.1123022806112538,0.0006231655827276639
1022.1532083784639,778.7657647723114,530,0.12447950658352852,0.0006902147470876641
1022.1532083784639,778.7657647723114,540,0.14819279242550593,0.000823245320007664
1022.1532083784639,778.7657647723114,550,0.1776984383527746,0.0009864277248476639
1022.1532083784639,778.7657647723114,560,0.19261060551246317,0.0010685765656876641
1022.1532083784639,778.7657647723114,570,0.2068032410309527,0.001147323019247664
1022.1532083784639,778.7657647723114,580,0.23150556946714546,0.0012847415297276641
1022.1532083784639,778.7657647723114,590,0.24442777468083862,0.0013562318909276644
1022.1532083784639,778.7657647723114,600,0.28260274881360653,0.0015700027387676638
1022.1532083784639,778.7657647723114,610,0.3015569292797332,0.0016734827265676641
1022.1532083784639,778.7657647723114,620,0.3058923581384152,0.0016991902297676636
1022.1532083784639,778.7657647723114,630,0.33939907557968335,0.0018847884609676639
1022.1532083784639,778.7657647723114,640,0.36381850548005895,0.002020621571927664
1022.1532083784639,778.7657647723114,650,0.36482312439579845,0.002025651817247664
1022.1532083784639,778.7657647723114,660,0.3972045749967011,0.0022054982993276644
1022.1532083784639,778.7657647723114,670,0.42137498489889436,0.002339105105327664
1022.1532083784639,778.7657647723114,680,0.44807424285106895,0.0024890237972476636
1022.1532083784639,778.7657647723114,690,0.450956813928944,0.0025053118336476644
1022.1532083784639,778.7657647723114,700,0.45428894308587464,0.0025209641369676643
1022.1532083784639,778.7657647723114,710,0.46995495551431254,0.0026085209570076632
1022.1532083784639,778.7657647723114,720,0.4477409676275083,0.002484785337487664
1022.1532083784639,778.7657647723114,730,0.5220848357067205,0.0028959520339676636
1022.1532083784639,778.7657647723114,740,0.537479462243828,0.0029862155069276634
1022.1532083784639,778.7657647723114,750,0.5646692076458599,0.0031342775721276634
1022.1532083784639,778.7657647723114,760,0.5819294597350713,0.0032301984412476635
1022.1532083784639,778.7657647723114,770,0.530906002992023,0.002947628190687664
1022.1532083784639,778.7657647723114,780,0.6098394590999827,0.0033809079751676635
1022.1532083784639,778.7657647723114,790,0.5906339345533445,0.0032774534762476638
1022.1532083784639,778.7657647723114,800,0.6202262526642104,0.0034426576357276632
1022.1532083784639,778.7657647723114,810,0.6025598270500553,0.0033421318494476645
1022.1532083784639,778.7657647723114,820,0.6039076615172271,0.0033534316727676637
1022.1532083784639,778.7657647723114,830,0.6198335793415874,0.0034402408270476637
1022.1532083784639,778.7657647723114,840,0.6392081385793407,0.0035481391519276632
1022.1532083784639,778.7657647723114,850,0.594501649189658,0.0032976432720876634
1022.1532083784639,778.7657647723114,860,0.6465790311441659,0.0035887891780476636
1022.1532083784639,778.7657647723114,870,0.6505911450488597,0.0036084708350076645
1022.1532083784639,778.7657647723114,880,0.6396820682209546,0.0035506071422476636
1022.1532083784639,778.7657647723114,890,0.6421046964174719,0.003564668215767664
1022.1532083784639,778.7657647723114,900,0.6526655171420771,0.003619648692647664
1042.153208378464,778.6537064677568,390,0.0012565019000859016,7.727251081639999e-06
1042.153208378464,778.6537064677568,400,3.3355463365308885e-06,2.0979801240000005e-08
1042.153208378464,778.6537064677568,410,0.0007878408939932546,4.8655035720399995e-06
1042.153208378464,778.6537064677568,420,0.003068573209344103,1.890687933964e-05
1042.153208378464,778.6537064677568,430,0.005412216443392515,3.334196664044e-05
1042.153208378464,778.6537064677568,440,0.011310706372529913,6.964492039924e-05
1042.153208378464,778.6537064677568,450,0.017239311177325852,0.00010609731799524
1042.153208378464,778.6537064677568,460,0.028127224742363052,0.00017323682573123995
1042.153208378464,778.6537064677568,470,0.03872141956682828,0.00023876669285924002
1042.153208378464,778.6537064677568,480,0.05177756431156134,0.00031888442332724003
1042.153208378464,778.6537064677568,490,0.06228282085367221,0.0003834172907432401
1042.153208378464,778.6537064677568,500,0.07459958716443324,0.00045945784502324
1042.153208378464,778.6537064677568,510,0.09054479593447158,0.00055766093158324
1042.153208378464,778.6537064677568,520,0.10151322098218561,0.0006258473202232401
1042.153208378464,778.6537064677568,530,0.11260115583090176,0.0006939471857432401
1042.153208378464,778.6537064677568,540,0.11916188813479868,0.0007339946133432399
1042.153208378464,778.6537064677568,550,0.15626425389886098,0.00096259270042324
1042.153208378464,778.6537064677568,560,0.18564094377330898,0.00114276769206324
1042.153208378464,778.6537064677568,570,0.1995637285970847,0.00122967241150324
1042.153208378464,778.6537064677568,580,0.22023091991339794,0.0013566319385832398
1042.153208378464,778.6537064677568,590,0.21758233826300827,0.0013398517062232398
1042.153208378464,778.6537064677568,600,0.25074593059085504,0.00154707192806324
1042.153208378464,778.6537064677568,610,0.28003406123841273,0.0017243310609032397
1042.153208378464,778.6537064677568,620,0.3020780459454326,0.0018607694655832401
1042.153208378464,778.6537064677568,630,0.34393084753744946,0.00211864607906324
1042.153208378464,778.6537064677568,640,0.3295434785067859,0.00202925345206324
1042.153208378464,778.6537064677568,650,0.378100513467645,0.0023280548059432396
1042.153208378464,778.6537064677568,660,0.36799202079580995,0.00226613592014324
1042.153208378464,778.6537064677568,670,0.3957475853913472,0.0024401719591432398
1042.153208378464,778.6537064677568,680,0.41898250023275,0.00258248654146324
1042.153208378464,778.6537064677568,690,0.4441193794078008,0.0027344420481432404
1042.153208378464,778.6537064677568,700,0.46049926819275194,0.0028362375961432395
1042.153208378464,778.6537064677568,710,0.4603167328599281,0.0028345005576232403
1042.153208378464,778.6537064677568,720,0.4893587588005149,0.0030098602066232394
1042.153208378464,778.6537064677568,730,0.526831593295895,0.00324536502494324
1042.153208378464,778.6537064677568,740,0.5161045966839705,0.00318169443254324
1042.153208378464,778.6537064677568,750,0.4975915296440048,0.0030638710211432396
1042.153208378464,778.6537064677568,760,0.5725998812720701,0.0035284762297432396
1042.153208378464,778.6537064677568,770,0.5891516842183957,0.00362556536262324
1042.153208378464,778.6537064677568,780,0.6101749140329865,0.00375672412262324
1042.153208378464,778.6537064677568,790,0.5267510194281989,0.0032434987088632407
1042.153208378464,778.6537064677568,800,0.578844550905279,0.0035648450869432396
1042.153208378464,778.6537064677568,810,0.6022328575797914,0.0037097189182232404
1042.153208378464,778.6537064677568,820,0.5868614605068452,0.0036140948662232407
1042.153208378464,778.6537064677568,830,0.557543634965796,0.0034356639316232406
1042.153208378464,778.6537064677568,840,0.5548585732167978,0.0034151597390232402
1042.153208378464,778.6537064677568,850,0.580661530525718,0.00357427618294324
1042.153208378464,778.6537064677568,860,0.5972734674317652,0.0036787045826232397
1042.153208378464,778.6537064677568,870,0.6046314019699675,0.0037248253093032403
1042.153208378464,778.6537064677568,880,0.5463824597445824,0.00336594035742324
1042.153208378464,778.6537064677568,890,0.6151698456730591,0.0037835163326232404
1042.153208378464,778.6537064677568,900,0.5372234592221206,0.00330490766742324
1062.153208378464,778.5393058236164,390,0.001598630831415051,9.906111763532e-06
1062.153208378464,778.5393058236164,400,1.828851784040238e-05,1.12905173012e-07
1062.153208378464,778.5393058236164,410,0.0013006791956496004,8.065793706732e-06
1062.153208378464,778.5393058236164,420,0.0024952106061715278,1.5471980688732e-05
1062.153208378464,778.5393058236164,430,0.006525553510863024,4.0467842803132e-05
1062.153208378464,778.5393058236164,440,0.010819112574079408,6.712247350313199e-05
1062.153208378464,778.5393058236164,450,0.018203590958735295,0.00011288642742713202
1062.153208378464,778.5393058236164,460,0.02889649136864859,0.000179226479703132
1062.153208378464,778.5393058236164,470,0.03912854759044427,0.00024270445978713203
1062.153208378464,778.5393058236164,480,0.052413271760816206,0.000325090522699132
1062.153208378464,778.5393058236164,490,0.06295474935193947,0.00039039287565913205
1062.153208378464,778.5393058236164,500,0.0786168633214773,0.00048763013069913193
1062.153208378464,778.5393058236164,510,0.08608041150206415,0.0005339782168191319
1062.153208378464,778.5393058236164,520,0.10512253237412342,0.000651976210459132
1062.153208378464,778.5393058236164,530,0.12359489362816259,0.000766580240139132
1062.153208378464,778.5393058236164,540,0.13497461652812373,0.0008369578490191317
1062.153208378464,778.5393058236164,550,0.15969152901960992,0.000990450290579132
1062.153208378464,778.5393058236164,560,0.15887691024131154,0.000985404473819132
1062.153208378464,778.5393058236164,570,0.19513454853643847,0.001210349281019132
1062.153208378464,778.5393058236164,580,0.2274760876905966,0.001410946439299132
1062.153208378464,778.5393058236164,590,0.23593976137224804,0.001463369146379132
1062.153208378464,778.5393058236164,600,0.26229989031510853,0.0016266231283791322
1062.153208378464,778.5393058236164,610,0.28657234711987895,0.0017781437448191322
1062.153208378464,778.5393058236164,620,0.3204301434061025,0.001987708779939132
1062.153208378464,778.5393058236164,630,0.31180012962822906,0.0019335195004591321
1062.153208378464,778.5393058236164,640,0.339737004603591,0.002106566834779132
1062.153208378464,778.5393058236164,650,0.377497319550114,0.002341123613979132
1062.153208378464,778.5393058236164,660,0.3760763118166471,0.0023317255330991323
1062.153208378464,778.5393058236164,670,0.3908353702985536,0.0024240877974591323
1062.153208378464,778.5393058236164,680,0.40836026694436384,0.0025324343888191323
1062.153208378464,778.5393058236164,690,0.4413011031787738,0.0027370547812991326
1062.153208378464,778.5393058236164,700,0.45939793651294375,0.0028495785303391317
1062.153208378464,778.5393058236164,710,0.5234578760803034,0.0032470120704591317
1062.153208378464,778.5393058236164,720,0.4735304988621399,0.002936855006699132
1062.153208378464,778.5393058236164,730,0.46419943631959876,0.002878557331819132
1062.153208378464,778.5393058236164,740,0.5532482390700645,0.003431460771259132
1062.153208378464,778.5393058236164,750,0.518024511118922,0.003212586511299132
1062.153208378464,778.5393058236164,760,0.5548315486240052,0.0034404965977791317
1062.153208378464,778.5393058236164,770,0.5819308747460691,0.003608594606459132
1062.153208378464,778.5393058236164,780,0.5667009152809386,0.0035138443552591315
1062.153208378464,778.5393058236164,790,0.5639487045523808,0.0034971961918991317
1062.153208378464,778.5393058236164,800,0.6056854210155511,0.0037563067256591322
1062.153208378464,778.5393058236164,810,0.5658049698401797,0.003507694734859132
1062.153208378464,778.5393058236164,820,0.60871071146546,0.0037752063948591325
1062.153208378464,778.5393058236164,830,0.6406208576644956,0.003972796858859132
1062.153208378464,778.5393058236164,840,0.5951591457112189,0.003691249962859132
1062.153208378464,778.5393058236164,850,0.5873829965719074,0.0036431566872591327
1062.153208378464,778.5393058236164,860,0.6514903068452249,0.004041024867259132
1062.153208378464,778.5393058236164,870,0.651717201667294,0.004041078108859133
1062.153208378464,778.5393058236164,880,0.5797320753801557,0.003594393740939132
1062.153208378464,778.5393058236164,890,0.6344060164617443,0.003934564286979132
1062.153208378464,778.5393058236164,900,0.6249171455919453,0.003875205094059132
1082.153208378464,778.4286123229933,390,0.0010484070105714323,6.5570023324688e-06
1082.153208378464,778.4286123229933,400,4.1324019633418764e-05,2.558679530528e-07
1082.153208378464,778.4286123229933,410,0.002104970733451081,1.3191003027268802e-05
1082.153208378464,778.4286123229933,420,0.004161994385504372,2.6042945325268798e-05
1082.153208378464,778.4286123229933,430,0.00796035632558407,4.986533778526881e-05
1082.153208378464,778.4286123229933,440,0.012720078978110151,7.963921555326881e-05
1082.153208378464,778.4286123229933,450,0.02106082020355722,0.0001316666756732688
1082.153208378464,778.4286123229933,460,0.030092366583949613,0.0001881170921492688
1082.153208378464,778.4286123229933,470,0.04067279609492463,0.00025362185468926884
1082.153208378464,778.4286123229933,480,0.05254648956745325,0.00032828189758926874
1082.153208378464,778.4286123229933,490,0.07032221737460714,0.0004405073123892687
1082.153208378464,778.4286123229933,500,0.08829149346214793,0.0005518147480692688
1082.153208378464,778.4286123229933,510,0.08876909835622145,0.0005549743555492688
1082.153208378464,778.4286123229933,520,0.10772386288399785,0.0006727974079092688
1082.153208378464,778.4286123229933,530,0.13110115279304535,0.0008200330677492688
1082.153208378464,778.4286123229933,540,0.1453705770685877,0.0009083197767092688
1082.153208378464,778.4286123229933,550,0.15024744102829823,0.0009383590001492688
1082.153208378464,778.4286123229933,560,0.18657061311544754,0.0011654573677492687
1082.153208378464,778.4286123229933,570,0.19774887214389858,0.0012349381119892689
1082.153208378464,778.4286123229933,580,0.2199955928360766,0.0013739814787492688
1082.153208378464,778.4286123229933,590,0.24527505394958082,0.0015303294659492685
1082.153208378464,778.4286123229933,600,0.26242870950910946,0.0016423370103492688
1082.153208378464,778.4286123229933,610,0.27726506886605645,0.0017324739229892688
1082.153208378464,778.4286123229933,620,0.2840080524482928,0.001772474617629269
1082.153208378464,778.4286123229933,630,0.36124126860281874,0.0022607016887892686
1082.153208378464,778.4286123229933,640,0.3511385658740353,0.002202026062669269
1082.153208378464,778.4286123229933,650,0.3790670994867417,0.002368762019589269
1082.153208378464,778.4286123229933,660,0.3739268309922348,0.0023410566667492693
1082.153208378464,778.4286123229933,670,0.4119912214657724,0.002574908298269269
1082.153208378464,778.4286123229933,680,0.42820233900139315,0.002674693617869269
1082.153208378464,778.4286123229933,690,0.417961011263624,0.0026026850451892685
1082.153208378464,778.4286123229933,700,0.4969571514867338,0.003104993656269269
1082.153208378464,778.4286123229933,710,0.48208478011880784,0.0030088868138692694
1082.153208378464,778.4286123229933,720,0.4984128045171539,0.003113701816269269
1082.153208378464,778.4286123229933,730,0.520842973298962,0.003253944309069269
1082.153208378464,778.4286123229933,740,0.541983503881782,0.0033842290602692686
1082.153208378464,778.4286123229933,750,0.5305450138385247,0.0033168698594692684
1082.153208378464,778.4286123229933,760,0.5418813793932141,0.003379103864669269
1082.153208378464,778.4286123229933,770,0.5634800825119384,0.0035181266822692688
1082.153208378464,778.4286123229933,780,0.6202973598233041,0.003877234351469269
1082.153208378464,778.4286123229933,790,0.5487672643998601,0.003425595240269269
1082.153208378464,778.4286123229933,800,0.6084559901349419,0.0037952456302692687
1082.153208378464,778.4286123229933,810,0.6479384533720802,0.004044550743469269
1082.153208378464,778.4286123229933,820,0.5770869606872797,0.003596325818269269
1082.153208378464,778.4286123229933,830,0.6077837769786022,0.0037950059606692683
1082.153208378464,778.4286123229933,840,0.6277748824982304,0.003921625701469269
1082.153208378464,778.4286123229933,850,0.6405654322076246,0.0039988034150692684
1082.153208378464,778.4286123229933,860,0.64371370415301,0.004029223272269268
1082.153208378464,778.4286123229933,870,0.6447178734178302,0.0040333039246692685
1082.153208378464,778.4286123229933,880,0.6730950954332404,0.004197258264669269
1082.153208378464,778.4286123229933,890,0.4980591833732026,0.003117126887869268
1082.153208378464,778.4286123229933,900,0.578024317540945,0.0036015813658692684
1102.153208378464,778.3156232533955,390,0.0013804478526487827,9.0942272796e-06
1102.153208378464,778.3156232533955,400,3.578456012155243e-05,2.2996493139999998e-07
1102.153208378464,778.3156232533955,410,0.0013311639729776897,8.799587638800001e-06
1102.153208378464,778.3156232533955,420,0.002919739809259929,1.9351862831600003e-05
1102.153208378464,778.3156232533955,430,0.006104962386347502,4.02320112628e-05
1102.153208378464,778.3156232533955,440,0.00963876250362983,6.35298278428e-05
1102.153208378464,778.3156232533955,450,0.017640983052938757,0.0001165274057988
1102.153208378464,778.3156232533955,460,0.02783962630246481,0.00018350765509479998
1102.153208378464,778.3156232533955,470,0.036222156901472846,0.0002392092034068
1102.153208378464,778.3156232533955,480,0.04965164386474889,0.0003282697758828
1102.153208378464,778.3156232533955,490,0.05867317426700328,0.00038787869444279995
1102.153208378464,778.3156232533955,500,0.07128241887271813,0.0004724811282028
1102.153208378464,778.3156232533955,510,0.0897603551644114,0.0005942721494028
1102.153208378464,778.3156232533955,520,0.10171694350672211,0.0006721741790827999
1102.153208378464,778.3156232533955,530,0.11879689716283366,0.0007850662023228
1102.153208378464,778.3156232533955,540,0.13739395770086918,0.0009094254374827999
1102.153208378464,778.3156232533955,550,0.1490813664635006,0.0009808281670428
1102.153208378464,778.3156232533955,560,0.1757062222285819,0.0011596370518828
1102.153208378464,778.3156232533955,570,0.18179095801537407,0.0012023016979227999
1102.153208378464,778.3156232533955,580,0.21232420041500202,0.0013972820254828002
1102.153208378464,778.3156232533955,590,0.1946940859952786,0.0012864361676028003
1102.153208378464,778.3156232533955,600,0.2277914523666601,0.0015011236030028003
1102.153208378464,778.3156232533955,610,0.2582251266897683,0.0017012178924428
1102.153208378464,778.3156232533955,620,0.26733044315753596,0.0017675592387628
1102.153208378464,778.3156232533955,630,0.31986923645598014,0.0021132861658828
1102.153208378464,778.3156232533955,640,0.3280251331208329,0.0021607515943627997
1102.153208378464,778.3156232533955,650,0.3560140429758149,0.0023556545682028
1102.153208378464,778.3156232533955,660,0.3460429546682371,0.0022859008907227998
1102.153208378464,778.3156232533955,670,0.37345169996311284,0.0024650293919627995
1102.153208378464,778.3156232533955,680,0.38258739697373534,0.0025230056466428
1102.153208378464,778.3156232533955,690,0.3986557065768086,0.0026375356291628
1102.153208378464,778.3156232533955,700,0.41534818804376256,0.0027460190001228004
1102.153208378464,778.3156232533955,710,0.4759831243022745,0.0031471232733628
1102.153208378464,778.3156232533955,720,0.512498741672628,0.0033819227957628
1102.153208378464,778.3156232533955,730,0.5126524264797063,0.0033932289825627997
1102.153208378464,778.3156232533955,740,0.5184371312161128,0.0034183318825628
1102.153208378464,778.3156232533955,750,0.5156897487669325,0.0034163598086828003
1102.153208378464,778.3156232533955,760,0.5539076213826567,0.0036546506373628007
1102.153208378464,778.3156232533955,770,0.5213231599708608,0.0034555966110828003
1102.153208378464,778.3156232533955,780,0.5473817134606691,0.0036278528925628
1102.153208378464,778.3156232533955,790,0.5749639725137029,0.0037986824145628
1102.153208378464,778.3156232533955,800,0.5678918751725233,0.0037396094657628004
1102.153208378464,778.3156232533955,810,0.6025557899424178,0.0039782773545628
1102.153208378464,778.3156232533955,820,0.5042818172007292,0.0033365854521628002
1102.153208378464,778.3156232533955,830,0.5538540646331898,0.0036547235129628
1102.153208378464,778.3156232533955,840,0.5638801636009831,0.0037302963373628
1102.153208378464,778.3156232533955,850,0.6157846000822202,0.0040681693165628
1102.153208378464,778.3156232533955,860,0.5754966195895324,0.0038076314689627997
1102.153208378464,778.3156232533955,870,0.579345299794645,0.0038333490585628
1102.153208378464,778.3156232533955,880,0.6102989181480858,0.0040379511605628
1102.153208378464,778.3156232533955,890,0.633267361902404,0.0041885240253628
1102.153208378464,778.3156232533955,900,0.5949306803275694,0.0039330739829628
1122.153208378464,778.2048387269897,390,0.001397522777240823,9.840113037463201e-06
1122.153208378464,778.2048387269897,400,2.5458308308647376e-05,1.8119533594319999e-07
1122.153208378464,778.2048387269897,410,0.001195628432402687,8.380419863063199e-06
1122.153208378464,778.2048387269897,420,0.0024410484986141876,1.71296756494632e-05
1122.153208378464,778.2048387269897,430,0.005868923261435248,4.12475410222632e-05
1122.153208378464,778.2048387269897,440,0.010596223020485906,7.45183788262632e-05
1122.153208378464,778.2048387269897,450,0.016422776542448773,0.00011539075407426321
1122.153208378464,778.2048387269897,460,0.02740196413422342,0.0001926448540382632
1122.153208378464,778.2048387269897,470,0.03769011494055344,0.0002650211799102633
1122.153208378464,778.2048387269897,480,0.04521507071611458,0.0003179674861742632
1122.153208378464,778.2048387269897,490,0.05819888872875944,0.00040909596553426316
1122.153208378464,778.2048387269897,500,0.06442437275337828,0.0004531686938542632
1122.153208378464,778.2048387269897,510,0.07989916617048932,0.0005616792471742632
1122.153208378464,778.2048387269897,520,0.09811830055676726,0.0006892697104142631
1122.153208378464,778.2048387269897,530,0.10839658104777626,0.0007613730799342632
1122.153208378464,778.2048387269897,540,0.13141530006577462,0.0009244490041342632
1122.153208378464,778.2048387269897,550,0.13459931880112905,0.0009464884189342633
1122.153208378464,778.2048387269897,560,0.17643517291836805,0.0012412572228542632
1122.153208378464,778.2048387269897,570,0.17249622546709606,0.0012139775053342631
1122.153208378464,778.2048387269897,580,0.2075444297418128,0.001460256242974263
1122.153208378464,778.2048387269897,590,0.20500407476155982,0.0014410640013742633
1122.153208378464,778.2048387269897,600,0.2287410726419316,0.0016041358811742634
1122.153208378464,778.2048387269897,610,0.2620537047174666,0.0018425168995742636
1122.153208378464,778.2048387269897,620,0.28357218333267886,0.001991771184054263
1122.153208378464,778.2048387269897,630,0.3098788510251499,0.0021767689826542634
1122.153208378464,778.2048387269897,640,0.31038231212442285,0.0021815884565342634
1122.153208378464,778.2048387269897,650,0.3334925538605358,0.002343819760054263
1122.153208378464,778.2048387269897,660,0.33918330558004106,0.002386526684014263
1122.153208378464,778.2048387269897,670,0.3669798819473039,0.0025786291902942632
1122.153208378464,778.2048387269897,680,0.40253333691975157,0.0028345429644942638
1122.153208378464,778.2048387269897,690,0.4176504172015518,0.002939006546094263
1122.153208378464,778.2048387269897,700,0.4095651432761948,0.002876690271134263
1122.153208378464,778.2048387269897,710,0.43321688797916247,0.003046454873134263
1122.153208378464,778.2048387269897,720,0.44261105366514736,0.003116996838094263
1122.153208378464,778.2048387269897,730,0.43685164360663586,0.0030707462070942632
1122.153208378464,778.2048387269897,740,0.47715188726879326,0.0033531113596942637
1122.153208378464,778.2048387269897,750,0.49659189354816924,0.003495565012894263
1122.153208378464,778.2048387269897,760,0.5029263926368002,0.0035295050511742632
1122.153208378464,778.2048387269897,770,0.4862839689109472,0.0034202656892942636
1122.153208378464,778.2048387269897,780,0.534775207500077,0.003759350400894263
1122.153208378464,778.2048387269897,790,0.4794571138371112,0.0033739924588942634
1122.153208378464,778.2048387269897,800,0.47263862437897364,0.0033178928196942637
1122.153208378464,778.2048387269897,810,0.5512936183687935,0.003873916859694263
1122.153208378464,778.2048387269897,820,0.5409188659057734,0.0037994182376942633
1122.153208378464,778.2048387269897,830,0.5614596321778719,0.003945900361294263
1122.153208378464,778.2048387269897,840,0.513651321156411,0.0036090835672942636
1122.153208378464,778.2048387269897,850,0.5514906269854538,0.003885290377694263
1122.153208378464,778.2048387269897,860,0.5641397573239635,0.003972584643294264
1122.153208378464,778.2048387269897,870,0.5611719449303539,0.003940026718494264
1122.153208378464,778.2048387269897,880,0.5846654106132059,0.0041095264740942635
1122.153208378464,778.2048387269897,890,0.5863151878358742,0.0041225572780942635
1122.153208378464,778.2048387269897,900,0.5787035467128891,0.0040694740948942635
1142.153208378464,778.0900501748222,390,0.0012149790017515188,8.564760255256001e-06
1142.153208378464,778.0900501748222,400,1.6985202648568733e-05,1.2002014732e-07
1142.153208378464,778.0900501748222,410,0.0012314411106572882,8.682345892056e-06
1142.153208378464,778.0900501748222,420,0.0030700227645341005,2.1696167246856e-05
1142.153208378464,778.0900501748222,430,0.006499994393599639,4.599468784645599e-05
1142.153208378464,778.0900501748222,440,0.011185528294446903,7.9005856966456e-05
1142.153208378464,778.0900501748222,450,0.017617362734199882,0.00012447908873445602
1142.153208378464,778.0900501748222,460,0.022302998900990793,0.00015751642729045602
1142.153208378464,778.0900501748222,470,0.03372253174596811,0.00023784859024245602
1142.153208378464,778.0900501748222,480,0.04956457629045607,0.000349824823626456
1142.153208378464,778.0900501748222,490,0.06237123960965873,0.000440268814186456
1142.153208378464,778.0900501748222,500,0.07052923856883946,0.000498089750946456
1142.153208378464,778.0900501748222,510,0.07810549129117002,0.000551264097746456
1142.153208378464,778.0900501748222,520,0.09457641673765245,0.0006682068057064559
1142.153208378464,778.0900501748222,530,0.11219447064621134,0.000792116257506456
1142.153208378464,778.0900501748222,540,0.13065821137707198,0.0009226063328264558
1142.153208378464,778.0900501748222,550,0.15498645690922447,0.001093773672746456
1142.153208378464,778.0900501748222,560,0.16634352807925487,0.0011727824509464562
1142.153208378464,778.0900501748222,570,0.1863005369106228,0.0013170253022264558
1142.153208378464,778.0900501748222,580,0.2060231305780826,0.0014540050091864558
1142.153208378464,778.0900501748222,590,0.2228378026266344,0.001574513422066456
1142.153208378464,778.0900501748222,600,0.22926988299254553,0.0016196409513464557
1142.153208378464,778.0900501748222,610,0.2756043421371307,0.0019465429342664558
1142.153208378464,778.0900501748222,620,0.2698441306097689,0.0019062736633064562
1142.153208378464,778.0900501748222,630,0.3109022609331075,0.002197672013226456
1142.153208378464,778.0900501748222,640,0.3044330744391533,0.0021487727389464563
1142.153208378464,778.0900501748222,650,0.34056230631786283,0.002409399900826456
1142.153208378464,778.0900501748222,660,0.3718939179143021,0.0026273882186664565
1142.153208378464,778.0900501748222,670,0.3444619725968265,0.002437362603546456
1142.153208378464,778.0900501748222,680,0.3709965279516078,0.002625419119786456
1142.153208378464,778.0900501748222,690,0.4030519442909617,0.002846257890386456
1142.153208378464,778.0900501748222,700,0.4610444809514859,0.0032556093689464567
1142.153208378464,778.0900501748222,710,0.46131290320185675,0.003260848324586456
1142.153208378464,778.0900501748222,720,0.3884742412073283,0.0027448520727064558
1142.153208378464,778.0900501748222,730,0.5099713038338607,0.0035980434633464562
1142.153208378464,778.0900501748222,740,0.49921932085602416,0.0035281630729464557
1142.153208378464,778.0900501748222,750,0.5013216467496681,0.0035399310989464557
1142.153208378464,778.0900501748222,760,0.53441197446199,0.003774955501746456
1142.153208378464,778.0900501748222,770,0.4968591650577471,0.0035033237305464567
1142.153208378464,778.0900501748222,780,0.5244348592704526,0.003705353685746456
1142.153208378464,778.0900501748222,790,0.5124024506186051,0.0036171122785464568
1142.153208378464,778.0900501748222,800,0.5605503411448046,0.003954207849346456
1142.153208378464,778.0900501748222,810,0.6146842650505568,0.004337417081346456
1142.153208378464,778.0900501748222,820,0.5006922668982561,0.0035388640069464556
1142.153208378464,778.0900501748222,830,0.5769066923229282,0.004077560141346456
1142.153208378464,778.0900501748222,840,0.5652451669222792,0.0039993454785464564
1142.153208378464,778.0900501748222,850,0.5655821180463702,0.003996639456546456
1142.153208378464,778.0900501748222,860,0.5436401934498876,0.003836366782546456
1142.153208378464,778.0900501748222,870,0.6289787364326053,0.004444714912546456
1142.153208378464,778.0900501748222,880,0.5788993521405864,0.004086544144146456
1142.153208378464,778.0900501748222,890,0.5615484975846304,0.003969310528546456
1142.153208378464,778.0900501748222,900,0.5726564304638945,0.004045396617746456
1162.153208378464,777.9816076639321,390,0.001031800872561703,6.8957917665199996e-06
1162.153208378464,777.9816076639321,400,1.002099538778717e-05,6.731533744e-08
1162.153208378464,777.9816076639321,410,0.0016729791298945452,1.1182587236120002e-05
1162.153208378464,777.9816076639321,420,0.0033661099548027923,2.2512365887319998e-05
1162.153208378464,777.9816076639321,430,0.0071601416844464935,4.783349545532e-05
1162.153208378464,777.9816076639321,440,0.010487516088602555,7.011303893532e-05
1162.153208378464,777.9816076639321,450,0.020184248082943435,0.00013493321494731998
1162.153208378464,777.9816076639321,460,0.02961658052821419,0.00019826844761132
1162.153208378464,777.9816076639321,470,0.0360262458764159,0.00024111040449532002
1162.153208378464,777.9816076639321,480,0.0460307133420023,0.00030738975590732
1162.153208378464,777.9816076639321,490,0.06338065256847512,0.00042393013442731996
1162.153208378464,777.9816076639321,500,0.07520764781179663,0.00050280675946732
1162.153208378464,777.9816076639321,510,0.0952344848189178,0.0006365337288273201
1162.153208378464,777.9816076639321,520,0.09898540465622561,0.0006620996047473201
1162.153208378464,777.9816076639321,530,0.11926178749467616,0.0007967918331073201
1162.153208378464,777.9816076639321,540,0.13823368337841938,0.00092475215814732
1162.153208378464,777.9816076639321,550,0.13937353405580144,0.0009317675621473199
1162.153208378464,777.9816076639321,560,0.1799001964580499,0.00120243747146732
1162.153208378464,777.9816076639321,570,0.20622814073709794,0.0013789979391473203
1162.153208378464,777.9816076639321,580,0.2110835323588748,0.0014115094382273201
1162.153208378464,777.9816076639321,590,0.23160482306320682,0.0015505156787473202
1162.153208378464,777.9816076639321,600,0.2572819366742463,0.00171956181074732
1162.153208378464,777.9816076639321,610,0.2901514529324318,0.0019385269001073202
1162.153208378464,777.9816076639321,620,0.2970066318078512,0.00198577732478732
1162.153208378464,777.9816076639321,630,0.31996687302958976,0.0021397182207873204
1162.153208378464,777.9816076639321,640,0.31589200352964186,0.00211183712962732
1162.153208378464,777.9816076639321,650,0.3657162824002701,0.00244677117278732
1162.153208378464,777.9816076639321,660,0.3976079307177035,0.0026580103363873205
1162.153208378464,777.9816076639321,670,0.38890027577076525,0.0026028657137873194
1162.153208378464,777.9816076639321,680,0.4427608349691871,0.00296315300878732
1162.153208378464,777.9816076639321,690,0.44830483082566147,0.0029987823342673197
1162.153208378464,777.9816076639321,700,0.44968658924646193,0.00301076640266732
1162.153208378464,777.9816076639321,710,0.4746377670789462,0.0031773261658273196
1162.153208378464,777.9816076639321,720,0.4763146196899782,0.0031858603418273195
1162.153208378464,777.9816076639321,730,0.48420967627015465,0.0032375600866273195
1162.153208378464,777.9816076639321,740,0.5335261644468172,0.0035668099490273196
1162.153208378464,777.9816076639321,750,0.5281616523333122,0.0035326783662273198
1162.153208378464,777.9816076639321,760,0.4937498034898668,0.00330074675982732
1162.153208378464,777.9816076639321,770,0.5577919296485004,0.0037350410887073203
1162.153208378464,777.9816076639321,780,0.5071737325907534,0.00338881022182732
1162.153208378464,777.9816076639321,790,0.5681161049381191,0.0038007151490273196
1162.153208378464,777.9816076639321,800,0.6165415330860731,0.00412619733782732
1162.153208378464,777.9816076639321,810,0.530914239325212,0.00354865095902732
1162.153208378464,777.9816076639321,820,0.6282129765110166,0.00419836303982732
1162.153208378464,777.9816076639321,830,0.5792016692635575,0.0038729211506273197
1162.153208378464,777.9816076639321,840,0.5712970291560288,0.0038191834278273203
1162.153208378464,777.9816076639321,850,0.6272689547055602,0.004192900985827319
1162.153208378464,777.9816076639321,860,0.6386955382750182,0.00427033039222732
1162.153208378464,777.9816076639321,870,0.6101927527242154,0.004079456610627319
1162.153208378464,777.9816076639321,880,0.6084087997393474,0.00406829624982732
1162.153208378464,777.9816076639321,890,0.5411612357247759,0.0036203824862273194
1162.153208378464,777.9816076639321,900,0.6303645431304722,0.00421845563782732
1182.153208378464,777.8638953564079,390,0.001298910015145037,8.28030331092e-06
1182.153208378464,777.8638953564079,400,1.2578977958047875e-05,8.002736644e-08
1182.153208378464,777.8638953564079,410,0.0022158894962280586,1.413488402692e-05
1182.153208378464,777.8638953564079,420,0.003965082400119491,2.531591663732e-05
1182.153208378464,777.8638953564079,430,0.007861656912381219,5.023091965212e-05
1182.153208378464,777.8638953564079,440,0.01246492946386005,7.966433836812002e-05
1182.153208378464,777.8638953564079,450,0.019011065159017335,0.00012116015686411999
1182.153208378464,777.8638953564079,460,0.033908990592928866,0.00021634980016412
1182.153208378464,777.8638953564079,470,0.042814700843201256,0.00027345095668012006
1182.153208378464,777.8638953564079,480,0.057144454678081186,0.00036481835423211997
1182.153208378464,777.8638953564079,490,0.06905402501975032,0.00044146131479212003
1182.153208378464,777.8638953564079,500,0.08079030112433401,0.0005162358489921201
1182.153208378464,777.8638953564079,510,0.10628104533756794,0.00067815055003212
1182.153208378464,777.8638953564079,520,0.125521762111914,0.00079998375011212
1182.153208378464,777.8638953564079,530,0.1308361801091588,0.00083544811919212
1182.153208378464,777.8638953564079,540,0.1487142590889713,0.0009484797542321199
1182.153208378464,777.8638953564079,550,0.17844138537621068,0.00113675871947212
1182.153208378464,777.8638953564079,560,0.1835600691930034,0.0011728765511121201
1182.153208378464,777.8638953564079,570,0.2400582757970706,0.0015301669197121202
1182.153208378464,777.8638953564079,580,0.2644126577466485,0.0016882830524321201
1182.153208378464,777.8638953564079,590,0.25518244995458006,0.00163221052615212
1182.153208378464,777.8638953564079,600,0.30268410731537687,0.0019319085097521198
1182.153208378464,777.8638953564079,610,0.2945882963540154,0.00188038414123212
1182.153208378464,777.8638953564079,620,0.3161962668774013,0.00201955378151212
1182.153208378464,777.8638953564079,630,0.35139962914769485,0.0022442803241121204
1182.153208378464,777.8638953564079,640,0.3873761178672393,0.0024765120103521204
1182.153208378464,777.8638953564079,650,0.382728190368484,0.0024465811490721203
1182.153208378464,777.8638953564079,660,0.45674924495532776,0.00291602153247212
1182.153208378464,777.8638953564079,670,0.41606349286783356,0.00265949813979212
1182.153208378464,777.8638953564079,680,0.4711697228420712,0.00301332437683212
1182.153208378464,777.8638953564079,690,0.48000672818706513,0.0030672142648721203
1182.153208378464,777.8638953564079,700,0.4822690069336424,0.00307764122187212
1182.153208378464,777.8638953564079,710,0.5315996040180515,0.00339727728455212
1182.153208378464,777.8638953564079,720,0.5945742051053423,0.0037894937921521205
1182.153208378464,777.8638953564079,730,0.518353766559231,0.0033094657368721203
1182.153208378464,777.8638953564079,740,0.5671129428133722,0.0036236743467921197
1182.153208378464,777.8638953564079,750,0.5999517499149418,0.00383350732695212
1182.153208378464,777.8638953564079,760,0.6117365083228322,0.00390635086855212
1182.153208378464,777.8638953564079,770,0.641028374854338,0.00409123754295212
1182.153208378464,777.8638953564079,780,0.6263961944805433,0.00399841272215212
1182.153208378464,777.8638953564079,790,0.6718007402196929,0.00428283632295212
1182.153208378464,777.8638953564079,800,0.6371025911680727,0.00406429950655212
1182.153208378464,777.8638953564079,810,0.6362230928972834,0.00406940945531212
1182.153208378464,777.8638953564079,820,0.5992730467389875,0.00382910367015212
1182.153208378464,777.8638953564079,830,0.6654473514693232,0.004248638170152121
1182.153208378464,777.8638953564079,840,0.6764596113391392,0.00432110315855212
1182.153208378464,777.8638953564079,850,0.638605324912781,0.00408036291895212
1182.153208378464,777.8638953564079,860,0.6486900210788494,0.0041471846873521205
1182.153208378464,777.8638953564079,870,0.6755893177311693,0.00432138887135212
1182.153208378464,777.8638953564079,880,0.6919391591325376,0.0044234122413521195
1182.153208378464,777.8638953564079,890,0.6793840516685355,0.0043410389109521195
1182.153208378464,777.8638953564079,900,0.6423431138729532,0.004103111863752121
1202.153208378464,777.7534112520406,390,0.0015245585249607893,1.0318557845800001e-05
1202.153208378464,777.7534112520406,400,3.725249700322932e-05,2.5401701464e-07
1202.153208378464,777.7534112520406,410,0.0013469113433752398,9.136554322599998e-06
1202.153208378464,777.7534112520406,420,0.0029716743339661196,2.0110940499399997e-05
1202.153208378464,777.7534112520406,430,0.006044165439284294,4.09267502978e-05
1202.153208378464,777.7534112520406,440,0.010781915398505227,7.303725876179999e-05
1202.153208378464,777.7534112520406,450,0.01565057135503281,0.00010612782834979999
1202.153208378464,777.7534112520406,460,0.024885092797004512,0.0001688065285058
1202.153208378464,777.7534112520406,470,0.032654773120517594,0.00022148680901780003
1202.153208378464,777.7534112520406,480,0.04915633607765766,0.0003331037455578
1202.153208378464,777.7534112520406,490,0.060496775129731534,0.0004098227653178
1202.153208378464,777.7534112520406,500,0.07436199087067143,0.0005036392459978
1202.153208378464,777.7534112520406,510,0.08443541814194676,0.0005725287476378
1202.153208378464,777.7534112520406,520,0.09190352325040856,0.0006229812502378
1202.153208378464,777.7534112520406,530,0.09886977634928261,0.0006705767357177998
1202.153208378464,777.7534112520406,540,0.14083475513331717,0.0009542740370378
1202.153208378464,777.7534112520406,550,0.13536502189949629,0.0009182753349978
1202.153208378464,777.7534112520406,560,0.185297442910938,0.0012551655848777998
1202.153208378464,777.7534112520406,570,0.17933541948319834,0.0012149200908378
1202.153208378464,777.7534112520406,580,0.21182484388465575,0.0014370991259178
1202.153208378464,777.7534112520406,590,0.19946146923281588,0.0013532924955178
1202.153208378464,777.7534112520406,600,0.2224644304380287,0.0015078420604377999
1202.153208378464,777.7534112520406,610,0.25521672687839664,0.0017304753842377998
1202.153208378464,777.7534112520406,620,0.27203975363321337,0.0018433829023978
1202.153208378464,777.7534112520406,630,0.3043079346139632,0.0020629808999178003
1202.153208378464,777.7534112520406,640,0.315392188062419,0.0021351285126378
1202.153208378464,777.7534112520406,650,0.32685301867777417,0.0022195469753978005
1202.153208378464,777.7534112520406,660,0.3482823378181732,0.0023612896223978
1202.153208378464,777.7534112520406,670,0.3864480764196941,0.0026196877082378
1202.153208378464,777.7534112520406,680,0.37429966935276476,0.0025368447436378
1202.153208378464,777.7534112520406,690,0.4028980749449717,0.0027327403026777995
1202.153208378464,777.7534112520406,700,0.40610100368957996,0.0027562193851978
1202.153208378464,777.7534112520406,710,0.35658509248140907,0.0024145166982378
1202.153208378464,777.7534112520406,720,0.432409243236534,0.0029327397417177998
1202.153208378464,777.7534112520406,730,0.4815330218510779,0.0032626521333578
1202.153208378464,777.7534112520406,740,0.5310870428848145,0.0036008837861577995
1202.153208378464,777.7534112520406,750,0.5221947259144328,0.0035403070329577996
1202.153208378464,777.7534112520406,760,0.49981363470585677,0.0033902614783578
1202.153208378464,777.7534112520406,770,0.5128721209156182,0.0034750049025578005
1202.153208378464,777.7534112520406,780,0.5394950275630785,0.0036598068439978
1202.153208378464,777.7534112520406,790,0.5110620037178717,0.0034634505991978006
1202.153208378464,777.7534112520406,800,0.5711611820959327,0.0038715177417578007
1202.153208378464,777.7534112520406,810,0.5510547238329295,0.0037344393141578005
1202.153208378464,777.7534112520406,820,0.6001605399393811,0.0040733023785578
1202.153208378464,777.7534112520406,830,0.6088302876228032,0.004130704573197799
1202.153208378464,777.7534112520406,840,0.5835973755547804,0.0039583959873578
1202.153208378464,777.7534112520406,850,0.6099764136186587,0.0041354626537578
1202.153208378464,777.7534112520406,860,0.6029322383566744,0.0040894850109578
1202.153208378464,777.7534112520406,870,0.5999574955795107,0.0040693408345578
1202.153208378464,777.7534112520406,880,0.6231283224404676,0.004226459305757799
1202.153208378464,777.7534112520406,890,0.5641095678999859,0.0038258878675178
1202.153208378464,777.7534112520406,900,0.6647167509394366,0.0045042275841578
1222.153208378464,777.6387008864757,390,0.0011374833882157084,7.9420769908e-06
1222.153208378464,777.6387008864757,400,2.8855121845357928e-05,2.0104446683999999e-07
1222.153208378464,777.6387008864757,410,0.0014259182543477627,9.989701926e-06
1222.153208378464,777.6387008864757,420,0.00297596791511696,2.0803791288799998e-05
1222.153208378464,777.6387008864757,430,0.006426402506510148,4.4984044064400005e-05
1222.153208378464,777.6387008864757,440,0.00871833584652094,6.10608036884e-05
1222.153208378464,777.6387008864757,450,0.018875314376798374,0.0001320514700564
1222.153208378464,777.6387008864757,460,0.02740529332811373,0.00019173868284840003
1222.153208378464,777.6387008864757,470,0.03555244444921771,0.0002488031529524
1222.153208378464,777.6387008864757,480,0.04138007845395607,0.00028975256869240003
1222.153208378464,777.6387008864757,490,0.061928901620837105,0.00043342193525239996
1222.153208378464,777.6387008864757,500,0.0667091237530954,0.0004669217674924
1222.153208378464,777.6387008864757,510,0.07964473386310221,0.0005570800246924
1222.153208378464,777.6387008864757,520,0.09530700681239727,0.0006667700508524002
1222.153208378464,777.6387008864757,530,0.10003901705808924,0.0007000715215324001
1222.153208378464,777.6387008864757,540,0.12601706765353052,0.0008815745862524
1222.153208378464,777.6387008864757,550,0.15270261632280507,0.0010685983668124
1222.153208378464,777.6387008864757,560,0.16946788645950142,0.0011856446240524
1222.153208378464,777.6387008864757,570,0.19005598079366126,0.0013290310312924
1222.153208378464,777.6387008864757,580,0.20385978165316035,0.0014267705896924001
1222.153208378464,777.6387008864757,590,0.1993458648362244,0.0013941237454524
1222.153208378464,777.6387008864757,600,0.2224876903931235,0.0015566228790524
1222.153208378464,777.6387008864757,610,0.26066943656036484,0.0018250520285324002
1222.153208378464,777.6387008864757,620,0.26475599424937263,0.0018523240390523996
1222.153208378464,777.6387008864757,630,0.2832630111465764,0.0019818703175324
1222.153208378464,777.6387008864757,640,0.30529216258368264,0.0021342275516524002
1222.153208378464,777.6387008864757,650,0.34421753405635536,0.0024060391350124
1222.153208378464,777.6387008864757,660,0.38006115162881104,0.0026582224672923997
1222.153208378464,777.6387008864757,670,0.3825562881223638,0.0026758713302124006
1222.153208378464,777.6387008864757,680,0.36863694124659374,0.0025767512346123998
1222.153208378464,777.6387008864757,690,0.37746206661193893,0.0026396684798923997
1222.153208378464,777.6387008864757,700,0.4244435777628111,0.0029679426262924
1222.153208378464,777.6387008864757,710,0.4567432855135458,0.0031954439889324
1222.153208378464,777.6387008864757,720,0.46755693523988595,0.0032722648769324
1222.153208378464,777.6387008864757,730,0.5163738516541471,0.0036112496733724
1222.153208378464,777.6387008864757,740,0.4735491474949475,0.0033156140896923995
1222.153208378464,777.6387008864757,750,0.4963103538658559,0.0034710153541724
1222.153208378464,777.6387008864757,760,0.501730742810049,0.0035119012367324006
1222.153208378464,777.6387008864757,770,0.5305082673724173,0.0037150261484124
1222.153208378464,777.6387008864757,780,0.4998343642155574,0.0034954330738924
1222.153208378464,777.6387008864757,790,0.4509754866836304,0.0031522656284524
1222.153208378464,777.6387008864757,800,0.5563434892682951,0.0038913303142924004
1222.153208378464,777.6387008864757,810,0.5270868281516624,0.0036879681625323997
1222.153208378464,777.6387008864757,820,0.5337444573741243,0.0037366001188123997
1222.153208378464,777.6387008864757,830,0.5511343532836132,0.0038545009469324
1222.153208378464,777.6387008864757,840,0.5739916528266007,0.0040156651586924
1222.153208378464,777.6387008864757,850,0.539294853579895,0.0037702753346524
1222.153208378464,777.6387008864757,860,0.5334969193610369,0.0037275511383724
1222.153208378464,777.6387008864757,870,0.5664795752096767,0.0039623165810924
1222.153208378464,777.6387008864757,880,0.5836105369084548,0.004083513532572401
1222.153208378464,777.6387008864757,890,0.5388497438984401,0.0037661924076124002
1222.153208378464,777.6387008864757,900,0.5715756304637156,0.0039960772568124
1242.153208378464,777.527947133134,390,0.000985591721820417,6.65485921948e-06
1242.153208378464,777.527947133134,400,2.7443886394411688e-05,1.8555514468000002e-07
1242.153208378464,777.527947133134,410,0.0018492998695481364,1.2480529017079999e-05
1242.153208378464,777.527947133134,420,0.00303418629659438,2.0473560124680005e-05
1242.153208378464,777.527947133134,430,0.006305705030050199,4.255687938068e-05
1242.153208378464,777.527947133134,440,0.009928860188223792,6.702696004068e-05
1242.153208378464,777.527947133134,450,0.018416385879224752,0.00012425912645268
1242.153208378464,777.527947133134,460,0.025320747991739393,0.00017087216669667998
1242.153208378464,777.527947133134,470,0.036635067194252746,0.00024718826932068
1242.153208378464,777.527947133134,480,0.04339015671173032,0.00029284584112868
1242.153208378464,777.527947133134,490,0.05916358574106815,0.00039923912306868005
1242.153208378464,777.527947133134,500,0.0738663942577668,0.00049853381066868
1242.153208378464,777.527947133134,510,0.08456595294934145,0.00057087775370868
1242.153208378464,777.527947133134,520,0.08813212901697311,0.00059466166846868
1242.153208378464,777.527947133134,530,0.11924835358195511,0.00080482836138868
1242.153208378464,777.527947133134,540,0.13409785060155252,0.00090461955558868
1242.153208378464,777.527947133134,550,0.16321076344477833,0.00110131805166868
1242.153208378464,777.527947133134,560,0.1638269443607844,0.0011055092682686798
1242.153208378464,777.527947133134,570,0.17949094412707856,0.00121160894738868
1242.153208378464,777.527947133134,580,0.1923208297018554,0.0012974429201086802
1242.153208378464,777.527947133134,590,0.21096054214752488,0.00142339422338868
1242.153208378464,777.527947133134,600,0.2457576894373444,0.0016582093079086798
1242.153208378464,777.527947133134,610,0.25421187544849844,0.00171564846778868
1242.153208378464,777.527947133134,620,0.27487943110629426,0.0018547497550686798
1242.153208378464,777.527947133134,630,0.2936449601781734,0.00198139738906868
1242.153208378464,777.527947133134,640,0.29982334117989734,0.00202295610762868
1242.153208378464,777.527947133134,650,0.32616831818371067,0.00220052840542868
1242.153208378464,777.527947133134,660,0.3904727750751069,0.00263558689838868
1242.153208378464,777.527947133134,670,0.3582837832942438,0.0024174267958286797
1242.153208378464,777.527947133134,680,0.42599137314247804,0.00287456973090868
1242.153208378464,777.527947133134,690,0.41864022356000063,0.0028248875400686798
1242.153208378464,777.527947133134,700,0.37235804866197775,0.0025118321516686797
1242.153208378464,777.527947133134,710,0.4447596778235951,0.0030009138993086805
1242.153208378464,777.527947133134,720,0.41930915403586966,0.0028290819492286803
1242.153208378464,777.527947133134,730,0.44458894510719793,0.0029994613063486796
1242.153208378464,777.527947133134,740,0.43204055213972786,0.0029154080865886793
1242.153208378464,777.527947133134,750,0.48864574838313324,0.00329725041022868
1242.153208378464,777.527947133134,760,0.5148098014225928,0.0034730796347086797
1242.153208378464,777.527947133134,770,0.4815812127395694,0.0032486819783486805
1242.153208378464,777.527947133134,780,0.5278149773666189,0.0035611925900686805
1242.153208378464,777.527947133134,790,0.5385793498998279,0.0036341684430286803
1242.153208378464,777.527947133134,800,0.47758020050312433,0.0032220037747086798
1242.153208378464,777.527947133134,810,0.4741791422637644,0.00319893637494868
1242.153208378464,777.527947133134,820,0.49242313103016355,0.0033211486049886797
1242.153208378464,777.527947133134,830,0.4957646653255223,0.00334479916206868
1242.153208378464,777.527947133134,840,0.5987818262933013,0.00403979016866868
1242.153208378464,777.527947133134,850,0.5262819352613362,0.00355031204654868
1242.153208378464,777.527947133134,860,0.5248869897637324,0.00354115103678868
1242.153208378464,777.527947133134,870,0.6074287532745942,0.00409826472974868
1242.153208378464,777.527947133134,880,0.520114701060227,0.0035095192993886797
1242.153208378464,777.527947133134,890,0.5884001481621044,0.00397042092134868
1242.153208378464,777.527947133134,900,0.5529793205856702,0.0037309155070286803
1262.153208378464,777.4148907544565,390,0.001027585008528894,6.9550380548196e-06
1262.153208378464,777.4148907544565,400,1.1303935533723006e-05,7.726413973960001e-08
1262.153208378464,777.4148907544565,410,0.0016696073410039883,1.1151151538419598e-05
1262.153208378464,777.4148907544565,420,0.00291057479832749,1.95058380640196e-05
1262.153208378464,777.4148907544565,430,0.006855736846697391,4.60431145532196e-05
1262.153208378464,777.4148907544565,440,0.012316079558642366,8.238483268921961e-05
1262.153208378464,777.4148907544565,450,0.01954697847350511,0.0001311973564132196
1262.153208378464,777.4148907544565,460,0.028317145629893882,0.00018970891616921958
1262.153208378464,777.4148907544565,470,0.036789192144719964,0.0002466394582932196
1262.153208378464,777.4148907544565,480,0.04170570966455836,0.0002799077680412196
1262.153208378464,777.4148907544565,490,0.05680356989965722,0.0003809105256852197
1262.153208378464,777.4148907544565,500,0.0767104702795946,0.0005144787204252196
1262.153208378464,777.4148907544565,510,0.08796050629985581,0.0005912606271452196
1262.153208378464,777.4148907544565,520,0.09983744051265528,0.0006714279036252196
1262.153208378464,777.4148907544565,530,0.10231274567689194,0.0006884668341452197
1262.153208378464,777.4148907544565,540,0.13207137803472058,0.0008855844225852196
1262.153208378464,777.4148907544565,550,0.15104150986619963,0.0010163155831852198
1262.153208378464,777.4148907544565,560,0.14254576847845127,0.0009584669434652196
1262.153208378464,777.4148907544565,570,0.17118942415173793,0.0011506704332652196
1262.153208378464,777.4148907544565,580,0.20747791035986293,0.0013914825653052196
1262.153208378464,777.4148907544565,590,0.2296833989260638,0.0015427508081452196
1262.153208378464,777.4148907544565,600,0.24478878023254516,0.00164088998966522
1262.153208378464,777.4148907544565,610,0.2377890635695994,0.0015971574187452196
1262.153208378464,777.4148907544565,620,0.26186492661745925,0.0017569307890652197
1262.153208378464,777.4148907544565,630,0.307922197312282,0.0020598860897052197
1262.153208378464,777.4148907544565,640,0.3101691287092933,0.0020818902869852197
1262.153208378464,777.4148907544565,650,0.32326325999473937,0.0021682729369052194
1262.153208378464,777.4148907544565,660,0.35385700028032036,0.0023797640817052198
1262.153208378464,777.4148907544565,670,0.34653898019644946,0.0023281508306252194
1262.153208378464,777.4148907544565,680,0.39171387890750947,0.0026322982311452196
1262.153208378464,777.4148907544565,690,0.39510942146565653,0.00265767090746522
1262.153208378464,777.4148907544565,700,0.43600741883812155,0.00292006229462522
1262.153208378464,777.4148907544565,710,0.45534553771789343,0.0030573583760252192
1262.153208378464,777.4148907544565,720,0.49473609226996956,0.0033356655842252192
1262.153208378464,777.4148907544565,730,0.44634253999343587,0.0029979078655452194
1262.153208378464,777.4148907544565,740,0.4655239482635381,0.003128793681585219
1262.153208378464,777.4148907544565,750,0.4952035517147953,0.0033126294643052194
1262.153208378464,777.4148907544565,760,0.49100294152000595,0.0032896509644652194
1262.153208378464,777.4148907544565,770,0.4983205335184564,0.0033477142301052195
1262.153208378464,777.4148907544565,780,0.5365353032677462,0.00360048588942522
1262.153208378464,777.4148907544565,790,0.5549069713391903,0.0037302030674252196
1262.153208378464,777.4148907544565,800,0.5894688446387675,0.00395560395822522
1262.153208378464,777.4148907544565,810,0.5692862446162512,0.00381427203174522
1262.153208378464,777.4148907544565,820,0.5327101551030732,0.00357240648314522
1262.153208378464,777.4148907544565,830,0.572311138796834,0.0038482847646252195
1262.153208378464,777.4148907544565,840,0.5101007986623178,0.0034217513322652195
1262.153208378464,777.4148907544565,850,0.5804073054089158,0.00389911272414522
1262.153208378464,777.4148907544565,860,0.5671186638466549,0.00380503968390522
1262.153208378464,777.4148907544565,870,0.5957394478843194,0.0039940624602252195
1262.153208378464,777.4148907544565,880,0.5727473055390111,0.0038436114014652203
1262.153208378464,777.4148907544565,890,0.589824536800511,0.00397393184222522
1262.153208378464,777.4148907544565,900,0.5327008013141407,0.0035677292447852194
1282.153208378464,777.3044516648387,390,0.0016981886652008447,1.019665337036e-05
1282.153208378464,777.3044516648387,400,9.548784920605093e-06,5.7531360039999996e-08
1282.153208378464,777.3044516648387,410,0.0013460585002109974,8.07219758596e-06
1282.153208378464,777.3044516648387,420,0.0020912536364725283,1.2551646086359999e-05
1282.153208378464,777.3044516648387,430,0.005739457886072674,3.444949600596e-05
1282.153208378464,777.3044516648387,440,0.012248250392613493,7.356575299516e-05
1282.153208378464,777.3044516648387,450,0.017352539538716627,0.00010418548170716
1282.153208378464,777.3044516648387,460,0.02635606926896041,0.00015826766321516
1282.153208378464,777.3044516648387,470,0.03817142396138581,0.00022926506858716
1282.153208378464,777.3044516648387,480,0.044108471034105,0.00026485143531916
1282.153208378464,777.3044516648387,490,0.05984853242514033,0.0003594175791511599
1282.153208378464,777.3044516648387,500,0.060857685612395,0.00036544676319116
1282.153208378464,777.3044516648387,510,0.08401154526419663,0.0005044614155111601
1282.153208378464,777.3044516648387,520,0.07745752662296383,0.0004650324384311599
1282.153208378464,777.3044516648387,530,0.11764795425902558,0.0007064532651511598
1282.153208378464,777.3044516648387,540,0.13885835784846998,0.00083399251547116
1282.153208378464,777.3044516648387,550,0.13931432814276073,0.00083628403163116
1282.153208378464,777.3044516648387,560,0.16062078760777357,0.00096458061571116
1282.153208378464,777.3044516648387,570,0.19720073434934224,0.0011844694924711598
1282.153208378464,777.3044516648387,580,0.21316316536444826,0.00127981206731116
1282.153208378464,777.3044516648387,590,0.17354682852260248,0.00104253301875116
1282.153208378464,777.3044516648387,600,0.22239614764417162,0.00133523797691116
1282.153208378464,777.3044516648387,610,0.27850921058960426,0.0016721403683911602
1282.153208378464,777.3044516648387,620,0.31594182951109523,0.0018968682746711599
1282.153208378464,777.3044516648387,630,0.3264174556986753,0.00196009065619116
1282.153208378464,777.3044516648387,640,0.305218052005803,0.00183330328131116
1282.153208378464,777.3044516648387,650,0.31512960097860737,0.00189179669227116
1282.153208378464,777.3044516648387,660,0.3974690632655474,0.00238750755083116
1282.153208378464,777.3044516648387,670,0.3997572948621814,0.0023995707207511603
1282.153208378464,777.3044516648387,680,0.40693621880243364,0.00244338067423116
1282.153208378464,777.3044516648387,690,0.44088698264804566,0.00264702891679116
1282.153208378464,777.3044516648387,700,0.44113106611390807,0.0026489818323111604
1282.153208378464,777.3044516648387,710,0.49069612303467935,0.00294748717899116
1282.153208378464,777.3044516648387,720,0.49621479699958526,0.00297995499051116
1282.153208378464,777.3044516648387,730,0.40366598924786634,0.00242388792815116
1282.153208378464,777.3044516648387,740,0.5257477581028511,0.00315622168787116
1282.153208378464,777.3044516648387,750,0.5465124995066909,0.0032812005439511603
1282.153208378464,777.3044516648387,760,0.5332304242953141,0.00320141013419116
1282.153208378464,777.3044516648387,770,0.5755865560328679,0.00345590401435116
1282.153208378464,777.3044516648387,780,0.5489594931706863,0.00329615238815116
1282.153208378464,777.3044516648387,790,0.5888704007611333,0.00353637908319116
1282.153208378464,777.3044516648387,800,0.5596111456106135,0.0033612185484311594
1282.153208378464,777.3044516648387,810,0.6047927808316689,0.0036309093832711603
1282.153208378464,777.3044516648387,820,0.5938678859756983,0.00356634535715116
1282.153208378464,777.3044516648387,830,0.5931504082834962,0.0035614730448311604
1282.153208378464,777.3044516648387,840,0.5660450782514396,0.00339542706271116
1282.153208378464,777.3044516648387,850,0.6385404694296036,0.0038333850632311607
1282.153208378464,777.3044516648387,860,0.6218503298264413,0.0037327676646311597
1282.153208378464,777.3044516648387,870,0.6216171383559557,0.00373204520227116
1282.153208378464,777.3044516648387,880,0.6431642214511052,0.0038619593572311608
1282.153208378464,777.3044516648387,890,0.6319660659336073,0.0037935077425511605
1282.153208378464,777.3044516648387,900,0.6383807568847515,0.00383279072763116
1302.153208378464,777.1915155658226,390,0.0010411558839325153,5.97347003928e-06
1302.153208378464,777.1915155658226,400,2.5541633686920508e-05,1.4593332172e-07
1302.153208378464,777.1915155658226,410,0.00199417112586328,1.147918321648e-05
1302.153208378464,777.1915155658226,420,0.004132552973611942,2.3792073781680003e-05
1302.153208378464,777.1915155658226,430,0.006630866797365096,3.811719535568e-05
1302.153208378464,777.1915155658226,440,0.014828461417148012,8.528173380768001e-05
1302.153208378464,777.1915155658226,450,0.02168464703042524,0.00012480116971568
1302.153208378464,777.1915155658226,460,0.03376231251297348,0.00019463697644767997
1302.153208378464,777.1915155658226,470,0.042974958507867866,0.00024753407520768
1302.153208378464,777.1915155658226,480,0.05557844207367551,0.00032028084021168
1302.153208378464,777.1915155658226,490,0.07280256525150659,0.00041856415157167997
1302.153208378464,777.1915155658226,500,0.07879505377222175,0.00045449234037168003
1302.153208378464,777.1915155658226,510,0.09749160244850535,0.0005625938022916799
1302.153208378464,777.1915155658226,520,0.10675022679520292,0.00061534108933168
1302.153208378464,777.1915155658226,530,0.11754217270810939,0.0006755679688116799
1302.153208378464,777.1915155658226,540,0.1294991829520576,0.0007482817398916801
1302.153208378464,777.1915155658226,550,0.15495508820673068,0.00089207084373168
1302.153208378464,777.1915155658226,560,0.1776625869537275,0.00102502605049168
1302.153208378464,777.1915155658226,570,0.1999753072693112,0.0011519319025716799
1302.153208378464,777.1915155658226,580,0.22024433822512526,0.00126698926445168
1302.153208378464,777.1915155658226,590,0.23201614574920634,0.00133168354881168
1302.153208378464,777.1915155658226,600,0.2488691089136995,0.0014336841152116802
1302.153208378464,777.1915155658226,610,0.29258297937977895,0.00168580186329168
1302.153208378464,777.1915155658226,620,0.31726648137951363,0.0018264541772516798
1302.153208378464,777.1915155658226,630,0.3127694394609662,0.0018044253560516802
1302.153208378464,777.1915155658226,640,0.35412469580754563,0.00203198886045168
1302.153208378464,777.1915155658226,650,0.38177314396179357,0.0021981908351716797
1302.153208378464,777.1915155658226,660,0.43271806924768036,0.00249138334729168
1302.153208378464,777.1915155658226,670,0.4273440933448618,0.00246356969273168
1302.153208378464,777.1915155658226,680,0.37051852407359454,0.00213049461133168
1302.153208378464,777.1915155658226,690,0.48772933670815455,0.0028116160654116803
1302.153208378464,777.1915155658226,700,0.4365711627536667,0.00251605264237168
1302.153208378464,777.1915155658226,710,0.48805498167823286,0.0028043824465316804
1302.153208378464,777.1915155658226,720,0.513531587362873,0.0029597477606116795
1302.153208378464,777.1915155658226,730,0.46044997434010226,0.00264862545413168
1302.153208378464,777.1915155658226,740,0.6167750861265574,0.00354651096261168
1302.153208378464,777.1915155658226,750,0.5283033922195309,0.00304399641781168
1302.153208378464,777.1915155658226,760,0.5639773770916335,0.0032395135478116804
1302.153208378464,777.1915155658226,770,0.6010214662042255,0.00345793122621168
1302.153208378464,777.1915155658226,780,0.5356766942781112,0.0030741818313316798
1302.153208378464,777.1915155658226,790,0.5102812854622877,0.0029268168755316798
1302.153208378464,777.1915155658226,800,0.6603524985703921,0.0037984214146116802
1302.153208378464,777.1915155658226,810,0.5180698688234581,0.00297939769209168
1302.153208378464,777.1915155658226,820,0.5686683507624004,0.00328107074861168
1302.153208378464,777.1915155658226,830,0.6437033024762024,0.00369366669721168
1302.153208378464,777.1915155658226,840,0.6428274229950369,0.00369655885021168
1302.153208378464,777.1915155658226,850,0.6182052071330918,0.00355463784301168
1302.153208378464,777.1915155658226,860,0.6146211752578243,0.0035397582606116803
1302.153208378464,777.1915155658226,870,0.6506662058766247,0.00373224937161168
1302.153208378464,777.1915155658226,880,0.5790716695303785,0.00333101603061168
1302.153208378464,777.1915155658226,890,0.563672282535683,0.0032394972964116804
1302.153208378464,777.1915155658226,900,0.6431961827920952,0.00369546534741168
1322.153208378464,777.0845613344223,390,0.0006008416620586361,3.194944402604e-06
1322.153208378464,777.0845613344223,400,7.426993852214347e-05,3.9004968544399995e-07
1322.153208378464,777.0845613344223,410,0.0027352076576489027,1.4466123633604e-05
1322.153208378464,777.0845613344223,420,0.005284116530085642,2.7954854310804e-05
1322.153208378464,777.0845613344223,430,0.00927627463181508,4.9127047862804e-05
1322.153208378464,777.0845613344223,440,0.017229558545381992,9.1341048230804e-05
1322.153208378464,777.0845613344223,450,0.022873729257582444,0.000121143258118804
1322.153208378464,777.0845613344223,460,0.034620552762438125,0.00018347950335480403
1322.153208378464,777.0845613344223,470,0.04335478302235449,0.000229440881066804
1322.153208378464,777.0845613344223,480,0.052876453545583624,0.000280342866578804
1322.153208378464,777.0845613344223,490,0.07297364632462881,0.00038694062697880395
1322.153208378464,777.0845613344223,500,0.09787757809823368,0.0005187174057788039
1322.153208378464,777.0845613344223,510,0.10898446680646329,0.000577840880938804
1322.153208378464,777.0845613344223,520,0.10267730543190844,0.000543902369538804
1322.153208378464,777.0845613344223,530,0.1190931924171201,0.0006305834500588041
1322.153208378464,777.0845613344223,540,0.15890041979078162,0.0008424418742588041
1322.153208378464,777.0845613344223,550,0.1664051496670335,0.000882106867498804
1322.153208378464,777.0845613344223,560,0.2082601911377372,0.0011048335363788042
1322.153208378464,777.0845613344223,570,0.23438176499892927,0.001242142134418804
1322.153208378464,777.0845613344223,580,0.24615608623037225,0.0013041791922588039
1322.153208378464,777.0845613344223,590,0.24580486677348362,0.0013031031196988044
1322.153208378464,777.0845613344223,600,0.26790554159717295,0.001421039501778804
1322.153208378464,777.0845613344223,610,0.341222929440575,0.001809287526778804
1322.153208378464,777.0845613344223,620,0.35746038678211195,0.0018953491036188042
1322.153208378464,777.0845613344223,630,0.37397612856789264,0.0019809993992188036
1322.153208378464,777.0845613344223,640,0.38073796669498655,0.002018048927618804
1322.153208378464,777.0845613344223,650,0.4260920204974894,0.0022571275926588042
1322.153208378464,777.0845613344223,660,0.40200937852752683,0.002129774535578804
1322.153208378464,777.0845613344223,670,0.4108675158785118,0.002176941806098804
1322.153208378464,777.0845613344223,680,0.44891383469797674,0.0023795014914588042
1322.153208378464,777.0845613344223,690,0.4741287570997644,0.002509927144178804
1322.153208378464,777.0845613344223,700,0.40922533637059066,0.002167474903658804
1322.153208378464,777.0845613344223,710,0.4947744208857655,0.002620047990778804
1322.153208378464,777.0845613344223,720,0.522641594241213,0.002769768837578804
1322.153208378464,777.0845613344223,730,0.5733694080020277,0.0030367490108988036
1322.153208378464,777.0845613344223,740,0.5763262468227421,0.0030519123851788037
1322.153208378464,777.0845613344223,750,0.5756730416424743,0.003051223919178804
1322.153208378464,777.0845613344223,760,0.5931817451590428,0.003141978203978804
1322.153208378464,777.0845613344223,770,0.5946005211231493,0.003146716631178804
1322.153208378464,777.0845613344223,780,0.5819498431598678,0.0030823799147788045
1322.153208378464,777.0845613344223,790,0.6473163312132028,0.0034268088651788044
1322.153208378464,777.0845613344223,800,0.6737877621859255,0.003563906510378804
1322.153208378464,777.0845613344223,810,0.6356040133336163,0.0033707078903788042
1322.153208378464,777.0845613344223,820,0.5827060309345601,0.0030892966703788033
1322.153208378464,777.0845613344223,830,0.5634915386384264,0.002986611391578804
1322.153208378464,777.0845613344223,840,0.650345773309578,0.003445932675178804
1322.153208378464,777.0845613344223,850,0.7007539984932645,0.0037124995387788034
1322.153208378464,777.0845613344223,860,0.7620082050248174,0.004039044583178804
1322.153208378464,777.0845613344223,870,0.7073326860502247,0.003747567547178804
1322.153208378464,777.0845613344223,880,0.6291618349761849,0.0033340002799788038
1322.153208378464,777.0845613344223,890,0.7335460054966753,0.0038851463559788036
1322.153208378464,777.0845613344223,900,0.6358305058505149,0.0033685039735788036
1342.153208378464,776.9702207368288,390,0.0008084393452118699,3.8457938608000004e-06
1342.153208378464,776.9702207368288,400,3.342030271237447e-05,1.5790402376e-07
1342.153208378464,776.9702207368288,410,0.002420247029153426,1.15100349476e-05
1342.153208378464,776.9702207368288,420,0.004548660460146606,2.16416097032e-05
1342.153208378464,776.9702207368288,430,0.009571656651525519,4.548734452320001e-05
1342.153208378464,776.9702207368288,440,0.016645407651291667,7.913727763919999e-05
1342.153208378464,776.9702207368288,450,0.025080235546604684,0.00011915697279520001
1342.153208378464,776.9702207368288,460,0.03740562572118951,0.0001777837810112
1342.153208378464,776.9702207368288,470,0.04020104027257072,0.00019131181863520002
1342.153208378464,776.9702207368288,480,0.06849692304643791,0.00032548334157919993
1342.153208378464,776.9702207368288,490,0.07611849527306914,0.0003614739588592
1342.153208378464,776.9702207368288,500,0.08460484965600322,0.0004028952148192
1342.153208378464,776.9702207368288,510,0.10997634044876708,0.0005231770208592
1342.153208378464,776.9702207368288,520,0.12697957398582999,0.0006045426913792
1342.153208378464,776.9702207368288,530,0.1463611612331105,0.0006957278286192001
1342.153208378464,776.9702207368288,540,0.1681922877884471,0.0007989687479392001
1342.153208378464,776.9702207368288,550,0.19315012429668843,0.0009189180842192001
1342.153208378464,776.9702207368288,560,0.21943703613932183,0.0010431014001792
1342.153208378464,776.9702207368288,570,0.22299765035462074,0.0010598352645792
1342.153208378464,776.9702207368288,580,0.2383094800264827,0.0011321133416192
1342.153208378464,776.9702207368288,590,0.2787277058816563,0.0013254512912191999
1342.153208378464,776.9702207368288,600,0.28789076604254193,0.0013686491824192002
1342.153208378464,776.9702207368288,610,0.30615847977026506,0.0014549998230992001
1342.153208378464,776.9702207368288,620,0.3650908645150337,0.0017351691216992
1342.153208378464,776.9702207368288,630,0.3883265086954018,0.0018442139586192
1342.153208378464,776.9702207368288,640,0.3491708849495515,0.0016602929624192
1342.153208378464,776.9702207368288,650,0.3928353524971704,0.0018651569568991998
1342.153208378464,776.9702207368288,660,0.4551030940296066,0.0021643237112192
1342.153208378464,776.9702207368288,670,0.5029295724197163,0.0023874544048992003
1342.153208378464,776.9702207368288,680,0.485676466540802,0.0023039264780992004
1342.153208378464,776.9702207368288,690,0.46967204155159786,0.0022358438714592
1342.153208378464,776.9702207368288,700,0.5577348983947893,0.0026483323828192
1342.153208378464,776.9702207368288,710,0.5631182436196572,0.0026751710974992006
1342.153208378464,776.9702207368288,720,0.593408330030922,0.0028233125110992004
1342.153208378464,776.9702207368288,730,0.5855831253001612,0.0027871030815791995
1342.153208378464,776.9702207368288,740,0.629000676592963,0.0029891670958992
1342.153208378464,776.9702207368288,750,0.6336894145842975,0.0030095200622992004
1342.153208378464,776.9702207368288,760,0.5820995799576667,0.0027599284792992
1342.153208378464,776.9702207368288,770,0.6312933198785728,0.0029959599677792
1342.153208378464,776.9702207368288,780,0.6683487620615073,0.0031748659018991997
1342.153208378464,776.9702207368288,790,0.6631845084294485,0.0031509509754992
1342.153208378464,776.9702207368288,800,0.6529527974454179,0.0030987190726592
1342.153208378464,776.9702207368288,810,0.614166780933803,0.0029168188977791998
1342.153208378464,776.9702207368288,820,0.7790117222221133,0.0036989271574992006
1342.153208378464,776.9702207368288,830,0.683363157111564,0.0032480047834992
1342.153208378464,776.9702207368288,840,0.6181082562387977,0.0029343249431791995
1342.153208378464,776.9702207368288,850,0.7397941131210408,0.0035096866726992003
1342.153208378464,776.9702207368288,860,0.7210537499374415,0.0034181071230591996
1342.153208378464,776.9702207368288,870,0.7241284891081987,0.0034379128134992
1342.153208378464,776.9702207368288,880,0.7047467231217879,0.0033444658593791998
1342.153208378464,776.9702207368288,890,0.7900048148830535,0.0037518946074992007
1342.153208378464,776.9702207368288,900,0.6021471453773912,0.0028564647109392
1362.153208378464,776.8581246134638,390,0.0014759730702150339,6.434338820416401e-06
1362.153208378464,776.8581246134638,400,3.141156326945926e-05,1.357425803364e-07
1362.153208378464,776.8581246134638,410,0.001984961691917069,8.6365454864164e-06
1362.153208378464,776.8581246134638,420,0.003932635010589115,1.71162393172164e-05
1362.153208378464,776.8581246134638,430,0.006514611938162811,2.83531149576164e-05
1362.153208378464,776.8581246134638,440,0.014854667436304213,6.469823787081638e-05
1362.153208378464,776.8581246134638,450,0.020843917262591015,9.077979857081639e-05
1362.153208378464,776.8581246134638,460,0.035266485983669466,0.0001536218747028164
1362.153208378464,776.8581246134638,470,0.04371352958725026,0.00019024098923481643
1362.153208378464,776.8581246134638,480,0.05446075406187035,0.00023708167992681642
1362.153208378464,776.8581246134638,490,0.06617463863588041,0.00028824489460281636
1362.153208378464,776.8581246134638,500,0.08053474383777964,0.0003507841888708164
1362.153208378464,776.8581246134638,510,0.11290756916109836,0.0004914473583108163
1362.153208378464,776.8581246134638,520,0.10898749640998927,0.0004750515915508164
1362.153208378464,776.8581246134638,530,0.14549566335681233,0.0006336071075508164
1362.153208378464,776.8581246134638,540,0.1538694772480011,0.0006700988177108165
1362.153208378464,776.8581246134638,550,0.17135751891958712,0.0007458591946308164
1362.153208378464,776.8581246134638,560,0.17961716389177712,0.0007824485479908164
1362.153208378464,776.8581246134638,570,0.22921944575893202,0.0009985829063108166
1362.153208378464,776.8581246134638,580,0.23854997775315445,0.0010392119916708164
1362.153208378464,776.8581246134638,590,0.2987407433488447,0.0013011693483108164
1362.153208378464,776.8581246134638,600,0.3059808094160432,0.0013322292620308162
1362.153208378464,776.8581246134638,610,0.34451298832628907,0.0015006316571908166
1362.153208378464,776.8581246134638,620,0.3789992287376701,0.0016506232149508168
1362.153208378464,776.8581246134638,630,0.3892698670696179,0.0016955622559908165
1362.153208378464,776.8581246134638,640,0.42841529215330804,0.0018658181978708163
1362.153208378464,776.8581246134638,650,0.39927803651059385,0.0017380862943508165
1362.153208378464,776.8581246134638,660,0.40049041072680786,0.0017446434785108164
1362.153208378464,776.8581246134638,670,0.46361918801153434,0.0020200059923908163
1362.153208378464,776.8581246134638,680,0.4832437685081076,0.002104896588030816
1362.153208378464,776.8581246134638,690,0.5365033535117254,0.0023366624409908165
1362.153208378464,776.8581246134638,700,0.5798449803026788,0.0025257589502308163
1362.153208378464,776.8581246134638,710,0.5876148600479693,0.002559936826270816
1362.153208378464,776.8581246134638,720,0.5913082856098021,0.002575561391070816
1362.153208378464,776.8581246134638,730,0.5758837222410232,0.002508817376270816
1362.153208378464,776.8581246134638,740,0.6245596332598925,0.0027203800753908165
1362.153208378464,776.8581246134638,750,0.6316992113745182,0.0027524245436308164
1362.153208378464,776.8581246134638,760,0.6472547072346714,0.0028193541481908164
1362.153208378464,776.8581246134638,770,0.6411457091131426,0.0027940021998708164
1362.153208378464,776.8581246134638,780,0.5993504106561871,0.002611494914350817
1362.153208378464,776.8581246134638,790,0.6685433964816875,0.0029130709274708165
1362.153208378464,776.8581246134638,800,0.7320566879764434,0.0031882651750708164
1362.153208378464,776.8581246134638,810,0.7069948080181431,0.0030809121930708166
1362.153208378464,776.8581246134638,820,0.6959162422407356,0.003032542467870817
1362.153208378464,776.8581246134638,830,0.7630617146787138,0.003325460889070816
1362.153208378464,776.8581246134638,840,0.8068921534189393,0.0035168419842708165
1362.153208378464,776.8581246134638,850,0.7943676970520108,0.003458948643870817
1362.153208378464,776.8581246134638,860,0.8583841861718616,0.003740003523070816
1362.153208378464,776.8581246134638,870,0.6963603351776088,0.0030342936886708165
1362.153208378464,776.8581246134638,880,0.8075708517874395,0.0035186525086708166
1362.153208378464,776.8581246134638,890,0.7388221627043872,0.003218749756350816
1362.153208378464,776.8581246134638,900,0.8175306168799914,0.003560782103470816
1382.153208378464,776.7431496193949,390,0.0017270450872368425,7.10793477788e-06
1382.153208378464,776.7431496193949,400,2.363803062522639e-05,9.701601976e-08
1382.153208378464,776.7431496193949,410,0.0019270755330519623,7.97168088948e-06
1382.153208378464,776.7431496193949,420,0.004068099746631664,1.678687820348e-05
1382.153208378464,776.7431496193949,430,0.008300646227747507,3.4302164791080004e-05
1382.153208378464,776.7431496193949,440,0.014805053605746694,6.079548384308001e-05
1382.153208378464,776.7431496193949,450,0.026890351875499992,0.00011034656727508001
1382.153208378464,776.7431496193949,460,0.03384631451355749,0.00013956293943108
1382.153208378464,776.7431496193949,470,0.04763073952381202,0.00019676456922707998
1382.153208378464,776.7431496193949,480,0.057745387239600855,0.00023796382560307999
1382.153208378464,776.7431496193949,490,0.07283511540392855,0.00029987803055507995
1382.153208378464,776.7431496193949,500,0.09282389816931377,0.00038239518494307995
1382.153208378464,776.7431496193949,510,0.10958695445091766,0.00045110380282308
1382.153208378464,776.7431496193949,520,0.1303089284577816,0.00053553823882308
1382.153208378464,776.7431496193949,530,0.14446999683306497,0.0005924682833430801
1382.153208378464,776.7431496193949,540,0.1643389182804948,0.00067616417754308
1382.153208378464,776.7431496193949,550,0.18737998107168174,0.00077117197290308
1382.153208378464,776.7431496193949,560,0.2164914841915904,0.0008922303974630801
1382.153208378464,776.7431496193949,570,0.21026550815266432,0.00086347964446308
1382.153208378464,776.7431496193949,580,0.26465281364361387,0.00108887483854308
1382.153208378464,776.7431496193949,590,0.28844403930739365,0.00118436045730308
1382.153208378464,776.7431496193949,600,0.30407382619126383,0.00125246946074308
1382.153208378464,776.7431496193949,610,0.3313458357465091,0.0013635599292630802
1382.153208378464,776.7431496193949,620,0.3688870510191521,0.0015189957423830801
1382.153208378464,776.7431496193949,630,0.3815821230340599,0.0015688892128230799
1382.153208378464,776.7431496193949,640,0.3670485383137936,0.0015116359346230802
1382.153208378464,776.7431496193949,650,0.42547949141563024,0.00175196024386308
1382.153208378464,776.7431496193949,660,0.46472104312462265,0.00191024237210308
1382.153208378464,776.7431496193949,670,0.4887587624029451,0.00201466995510308
1382.153208378464,776.7431496193949,680,0.4659301171386131,0.0019073456991430798
1382.153208378464,776.7431496193949,690,0.5312514909308592,0.00217927189910308
1382.153208378464,776.7431496193949,700,0.5214041945620833,0.0021485425559030803
1382.153208378464,776.7431496193949,710,0.4728994148083368,0.00193740558734308
1382.153208378464,776.7431496193949,720,0.5976123190464242,0.00245529576922308
1382.153208378464,776.7431496193949,730,0.5293934955539644,0.0021772046051830797
1382.153208378464,776.7431496193949,740,0.6161720552378877,0.0025304798159430796
1382.153208378464,776.7431496193949,750,0.6599697008204265,0.0027066584013830802
1382.153208378464,776.7431496193949,760,0.5884803768647907,0.00242533494298308
1382.153208378464,776.7431496193949,770,0.701574190874694,0.0028828774134630804
1382.153208378464,776.7431496193949,780,0.592855255464554,0.00243297479014308
1382.153208378464,776.7431496193949,790,0.5786356456915004,0.00238141089058308
1382.153208378464,776.7431496193949,800,0.7020309750439513,0.0028879424971030797
1382.153208378464,776.7431496193949,810,0.6408420375349211,0.0026370285438630796
1382.153208378464,776.7431496193949,820,0.7709259275110534,0.0031679139472630797
1382.153208378464,776.7431496193949,830,0.6999631091782608,0.00287190612374308
1382.153208378464,776.7431496193949,840,0.7077905449295185,0.00290622039130308
1382.153208378464,776.7431496193949,850,0.6982760977152763,0.0028593528190230797
1382.153208378464,776.7431496193949,860,0.7355180985217946,0.0030238543407430795
1382.153208378464,776.7431496193949,870,0.7300667485688288,0.00299626535802308
1382.153208378464,776.7431496193949,880,0.5731370002174985,0.00235786546094308
1382.153208378464,776.7431496193949,890,0.672861170839886,0.00275785480602308
1382.153208378464,776.7431496193949,900,0.6267105763226827,0.0025692001811030802
1402.153208378464,776.6332864392409,390,0.0008011119187733251,2.8886841716152003e-06
1402.153208378464,776.6332864392409,400,2.1426655141391218e-05,7.77844210152e-08
1402.153208378464,776.6332864392409,410,0.002799291842706587,1.0069491533015199e-05
1402.153208378464,776.6332864392409,420,0.00483922912603678,1.74084833550152e-05
1402.153208378464,776.6332864392409,430,0.00858146065043863,3.08928029674152e-05
1402.153208378464,776.6332864392409,440,0.016842113234204335,6.064564307861521e-05
1402.153208378464,776.6332864392409,450,0.026895810618072172,9.683356465461522e-05
1402.153208378464,776.6332864392409,460,0.037294022884746696,0.0001342500043066152
1402.153208378464,776.6332864392409,470,0.046591538412421876,0.00016774466750661522
1402.153208378464,776.6332864392409,480,0.06083288996068324,0.0002190080913786152
1402.153208378464,776.6332864392409,490,0.07617925322448409,0.0002742438229466152
1402.153208378464,776.6332864392409,500,0.09371757707674526,0.0003374774518586152
1402.153208378464,776.6332864392409,510,0.11217334915950695,0.0004039664502986152
1402.153208378464,776.6332864392409,520,0.11273213297973367,0.0004058955962186152
1402.153208378464,776.6332864392409,530,0.11909808399052889,0.00042881060753861513
1402.153208378464,776.6332864392409,540,0.16149239250986736,0.0005814437905786152
1402.153208378464,776.6332864392409,550,0.17826341318447347,0.0006419343893386152
1402.153208378464,776.6332864392409,560,0.21643885680507055,0.0007796498767786152
1402.153208378464,776.6332864392409,570,0.253114218388935,0.0009113428379786152
1402.153208378464,776.6332864392409,580,0.26333534760432364,0.0009483462982986152
1402.153208378464,776.6332864392409,590,0.2761464098983554,0.0009943567187786152
1402.153208378464,776.6332864392409,600,0.3591505891235212,0.001293401610738615
1402.153208378464,776.6332864392409,610,0.3364621795090303,0.001211628170538615
1402.153208378464,776.6332864392409,620,0.35500576393526373,0.001278342623738615
1402.153208378464,776.6332864392409,630,0.3331905093939874,0.001199752195778615
1402.153208378464,776.6332864392409,640,0.41770423330647666,0.001504324445218615
1402.153208378464,776.6332864392409,650,0.44290757504878664,0.0015951403621386154
1402.153208378464,776.6332864392409,660,0.5352697294864474,0.0019279100564986152
1402.153208378464,776.6332864392409,670,0.4629028916491273,0.0016663156789786151
1402.153208378464,776.6332864392409,680,0.5079634790295402,0.0018293145436986153
1402.153208378464,776.6332864392409,690,0.5300146567369617,0.001908096003418615
1402.153208378464,776.6332864392409,700,0.5869702228553052,0.0021131536544586153
1402.153208378464,776.6332864392409,710,0.5963891158920603,0.002146820184938615
1402.153208378464,776.6332864392409,720,0.6094198332510066,0.0021941054128186152
1402.153208378464,776.6332864392409,730,0.6238212336998924,0.0022454892289786154
1402.153208378464,776.6332864392409,740,0.6145138542910428,0.0022120740796586153
1402.153208378464,776.6332864392409,750,0.5316768260566583,0.0019147487682186152
1402.153208378464,776.6332864392409,760,0.6931269026468663,0.0024953940630986155
1402.153208378464,776.6332864392409,770,0.6759207091494938,0.002433809515378615
1402.153208378464,776.6332864392409,780,0.6832744402281503,0.0024603811136586153
1402.153208378464,776.6332864392409,790,0.7423129693621559,0.002672063704818615
1402.153208378464,776.6332864392409,800,0.7563219219840357,0.0027222234990586154
1402.153208378464,776.6332864392409,810,0.7886829288138335,0.0028408521566186153
1402.153208378464,776.6332864392409,820,0.8089125721919741,0.0029118178108986153
1402.153208378464,776.6332864392409,830,0.6706220675361227,0.002414068461658615
1402.153208378464,776.6332864392409,840,0.7535619711131365,0.0027125853520186148
1402.153208378464,776.6332864392409,850,0.8560070016401415,0.0030822747058586153
1402.153208378464,776.6332864392409,860,0.849530035892522,0.0030596533178186155
1402.153208378464,776.6332864392409,870,0.7407438724594939,0.0026680413991386153
1402.153208378464,776.6332864392409,880,0.7397410601612683,0.0026630960579386155
1402.153208378464,776.6332864392409,890,0.9239365896693958,0.003327003881418615
1402.153208378464,776.6332864392409,900,0.7624357655722548,0.0027446181774186153
1422.153208378464,776.5187225869828,390,0.0010821721498320376,3.9894257818400006e-06
1422.153208378464,776.5187225869828,400,7.417774642965108e-05,2.7131517720000004e-07
1422.153208378464,776.5187225869828,410,0.002283821315922739,8.44442564224e-06
1422.153208378464,776.5187225869828,420,0.004981831881499303,1.840403257944e-05
1422.153208378464,776.5187225869828,430,0.009172450025412351,3.395309580864e-05
1422.153208378464,776.5187225869828,440,0.014350394654854876,5.299503494864e-05
1422.153208378464,776.5187225869828,450,0.023649594268104396,8.753163473264001e-05
1422.153208378464,776.5187225869828,460,0.033426470711237256,0.00012361200376864
1422.153208378464,776.5187225869828,470,0.047027182199299494,0.00017383452590064003
1422.153208378464,776.5187225869828,480,0.06683079799326819,0.00024706023749664004
1422.153208378464,776.5187225869828,490,0.06827245452105064,0.00025229006231664003
1422.153208378464,776.5187225869828,500,0.09074025224576529,0.00033526871694864005
1422.153208378464,776.5187225869828,510,0.11727174271250779,0.00043367535324064
1422.153208378464,776.5187225869828,520,0.1057884074733189,0.00039116315680063995
1422.153208378464,776.5187225869828,530,0.14607196786576263,0.0005400299190806401
1422.153208378464,776.5187225869828,540,0.1749347336475459,0.00064707931260064
1422.153208378464,776.5187225869828,550,0.18694565066298097,0.0006916704565206401
1422.153208378464,776.5187225869828,560,0.17604853671397325,0.0006516235724806399
1422.153208378464,776.5187225869828,570,0.22125271331740598,0.0008182899651206399
1422.153208378464,776.5187225869828,580,0.2540374182107761,0.0009393364364806402
1422.153208378464,776.5187225869828,590,0.29146824775492763,0.0010780095616406402
1422.153208378464,776.5187225869828,600,0.25899145495659154,0.0009571867412406399
1422.153208378464,776.5187225869828,610,0.38405140361667384,0.0014221182659606398
1422.153208378464,776.5187225869828,620,0.28365844524696987,0.0010490301499206402
1422.153208378464,776.5187225869828,630,0.39193629343287273,0.00144807798592064
1422.153208378464,776.5187225869828,640,0.39205770761786035,0.0014502036388006397
1422.153208378464,776.5187225869828,650,0.38219097944320846,0.00140970948264064
1422.153208378464,776.5187225869828,660,0.42609425120667976,0.00157593193204064
1422.153208378464,776.5187225869828,670,0.39674177595463567,0.00146749148644064
1422.153208378464,776.5187225869828,680,0.5202423390485093,0.00192178519500064
1422.153208378464,776.5187225869828,690,0.5210480195986736,0.0019270070044806401
1422.153208378464,776.5187225869828,700,0.5398624265077664,0.0019937415636806398
1422.153208378464,776.5187225869828,710,0.5442204092404396,0.00201156432708064
1422.153208378464,776.5187225869828,720,0.56083510147616,0.0020727615279606403
1422.153208378464,776.5187225869828,730,0.6282515639594466,0.0023225646049606402
1422.153208378464,776.5187225869828,740,0.5918307779894396,0.00218699216920064
1422.153208378464,776.5187225869828,750,0.6525513145395131,0.0024120792410806404
1422.153208378464,776.5187225869828,760,0.519941232268394,0.0019217541247606399
1422.153208378464,776.5187225869828,770,0.6021328176833454,0.00222593566308064
1422.153208378464,776.5187225869828,780,0.7108156379074504,0.00262611278472064
1422.153208378464,776.5187225869828,790,0.6117304444911742,0.00226059197812064
1422.153208378464,776.5187225869828,800,0.72175555673669,0.0026690288588406396
1422.153208378464,776.5187225869828,810,0.6917999914169429,0.00255356516740064
1422.153208378464,776.5187225869828,820,0.7671222943893801,0.0028365318376406402
1422.153208378464,776.5187225869828,830,0.7627199046738464,0.0028232952431206403
1422.153208378464,776.5187225869828,840,0.735958505528024,0.0027231525398006395
1422.153208378464,776.5187225869828,850,0.6573538094983548,0.00242592847820064
1422.153208378464,776.5187225869828,860,0.7507372119183013,0.00277257437996064
1422.153208378464,776.5187225869828,870,0.7184647598868051,0.0026547942218006397
1422.153208378464,776.5187225869828,880,0.7612460005312492,0.00281231040188064
1422.153208378464,776.5187225869828,890,0.7236332737036869,0.00267565823700064
1422.153208378464,776.5187225869828,900,0.8006199178121056,0.00295949347372064
1442.153208378464,776.3981187148244,390,0.001637011325256934,5.488966066492001e-06
1442.153208378464,776.3981187148244,400,6.721698459608077e-05,2.2668792113199998e-07
1442.153208378464,776.3981187148244,410,0.0018928390523494983,6.327267771292e-06
1442.153208378464,776.3981187148244,420,0.0035632090344189776,1.1921480567292e-05
1442.153208378464,776.3981187148244,430,0.00807640909850453,2.7012165001692002e-05
1442.153208378464,776.3981187148244,440,0.014229777105816094,4.7596129257691996e-05
1442.153208378464,776.3981187148244,450,0.021995256990626277,7.3570100981692e-05
1442.153208378464,776.3981187148244,460,0.035560582955792557,0.000118995235653692
1442.153208378464,776.3981187148244,470,0.04272273019406533,0.00014288814869369202
1442.153208378464,776.3981187148244,480,0.05389068410181135,0.00018028131520169205
1442.153208378464,776.3981187148244,490,0.08042475140315647,0.00026913006736569204
1442.153208378464,776.3981187148244,500,0.08309437543077909,0.000278069876701692
1442.153208378464,776.3981187148244,510,0.11400689032611648,0.00038138233263369206
1442.153208378464,776.3981187148244,520,0.12925005816114904,0.0004326294277496921
1442.153208378464,776.3981187148244,530,0.12808252710385865,0.000428413431189692
1442.153208378464,776.3981187148244,540,0.14025029540712633,0.00046903121382969203
1442.153208378464,776.3981187148244,550,0.17354630907823934,0.000580620357789692
1442.153208378464,776.3981187148244,560,0.25171997573006005,0.0008428793542696919
1442.153208378464,776.3981187148244,570,0.22184156734885377,0.0007425695271496921
1442.153208378464,776.3981187148244,580,0.25272590053076294,0.000845538047029692
1442.153208378464,776.3981187148244,590,0.2853319142558632,0.000954817768269692
1442.153208378464,776.3981187148244,600,0.324797327459133,0.0010867071278296918
1442.153208378464,776.3981187148244,610,0.33967105517599194,0.001136673240149692
1442.153208378464,776.3981187148244,620,0.36181219820728594,0.001210758360469692
1442.153208378464,776.3981187148244,630,0.3563152870464147,0.0011918259005496918
1442.153208378464,776.3981187148244,640,0.4464577441167132,0.0014937079966696922
1442.153208378464,776.3981187148244,650,0.41080687266614935,0.001373708642029692
1442.153208378464,776.3981187148244,660,0.4845894410257489,0.0016212677919096921
1442.153208378464,776.3981187148244,670,0.49062027723347595,0.0016411616662296922
1442.153208378464,776.3981187148244,680,0.4687286484719656,0.0015678762390296916
1442.153208378464,776.3981187148244,690,0.5091535611541804,0.0017034607452296924
1442.153208378464,776.3981187148244,700,0.5055238329528522,0.001690894579629692
1442.153208378464,776.3981187148244,710,0.6010773881862099,0.002011274366629692
1442.153208378464,776.3981187148244,720,0.5495528815922501,0.001838661280869692
1442.153208378464,776.3981187148244,730,0.6748321386724768,0.0022581429712696917
1442.153208378464,776.3981187148244,740,0.5965618193178154,0.001995501470669692
1442.153208378464,776.3981187148244,750,0.5810485846910185,0.001944109375189692
1442.153208378464,776.3981187148244,760,0.6380058634755045,0.002134054063549692
1442.153208378464,776.3981187148244,770,0.6391422796050312,0.002137845686709692
1442.153208378464,776.3981187148244,780,0.6914101305351301,0.002312803400149692
1442.153208378464,776.3981187148244,790,0.677499172018795,0.002266402213909692
1442.153208378464,776.3981187148244,800,0.7195838326161177,0.0024080365908696923
1442.153208378464,776.3981187148244,810,0.7866474146429036,0.0026319735457096915
1442.153208378464,776.3981187148244,820,0.6342245297229713,0.002122471907869692
1442.153208378464,776.3981187148244,830,0.7096522127024559,0.002374323632829692
1442.153208378464,776.3981187148244,840,0.7279052048864864,0.002436735516669692
1442.153208378464,776.3981187148244,850,0.691995538902303,0.0023139891497496916
1442.153208378464,776.3981187148244,860,0.7177713908563274,0.002401750391069692
1442.153208378464,776.3981187148244,870,0.7291510973618618,0.002438447926709692
1442.153208378464,776.3981187148244,880,0.7388042337689383,0.002471532081389692
1442.153208378464,776.3981187148244,890,0.7933614136215361,0.002651900828789692
1442.153208378464,776.3981187148244,900,0.7877142965070857,0.0026353368672296924
1462.153208378464,776.2916730336871,390,0.00101378030736223,3.3546048480352e-06
1462.153208378464,776.2916730336871,400,4.5290265114491905e-05,1.495004658352e-07
1462.153208378464,776.2916730336871,410,0.001865570001971082,6.166035436435201e-06
1462.153208378464,776.2916730336871,420,0.004726433978963949,1.56267194616352e-05
1462.153208378464,776.2916730336871,430,0.007994541632323821,2.64163954364352e-05
1462.153208378464,776.2916730336871,440,0.01847590810775655,6.12564551732352e-05
1462.153208378464,776.2916730336871,450,0.023249933789573376,7.68504666412352e-05
1462.153208378464,776.2916730336871,460,0.03429901082484753,0.0001135439573252352
1462.153208378464,776.2916730336871,470,0.04769274312777462,0.0001575896058212352
1462.153208378464,776.2916730336871,480,0.05663114003558803,0.0001875592562732352
1462.153208378464,776.2916730336871,490,0.07995837493859,0.00026441580222523524
1462.153208378464,776.2916730336871,500,0.09094908064418177,0.0003017052603612352
1462.153208378464,776.2916730336871,510,0.11627175246160112,0.00038412607156123517
1462.153208378464,776.2916730336871,520,0.12233765308530396,0.0004047076236212352
1462.153208378464,776.2916730336871,530,0.14736274999722676,0.00048753782122123524
1462.153208378464,776.2916730336871,540,0.16805380712959145,0.0005575814370212353
1462.153208378464,776.2916730336871,550,0.183837394495934,0.0006085157401412352
1462.153208378464,776.2916730336871,560,0.21765836168629973,0.0007219141062212352
1462.153208378464,776.2916730336871,570,0.21271872435558742,0.0007033218353012352
1462.153208378464,776.2916730336871,580,0.2640744144148361,0.0008731969898612353
1462.153208378464,776.2916730336871,590,0.24195382890651707,0.0008012957582612351
1462.153208378464,776.2916730336871,600,0.3336366879288293,0.0011057132778612352
1462.153208378464,776.2916730336871,610,0.2967400961970364,0.000980590794621235
1462.153208378464,776.2916730336871,620,0.33461915122448216,0.0011071841349812354
1462.153208378464,776.2916730336871,630,0.3602066330796301,0.0011906543360212353
1462.153208378464,776.2916730336871,640,0.35768687351105116,0.001179265509341235
1462.153208378464,776.2916730336871,650,0.41248698655299626,0.0013640196013412354
1462.153208378464,776.2916730336871,660,0.44665339614275934,0.001475179351781235
1462.153208378464,776.2916730336871,670,0.404401820071235,0.0013372763131412353
1462.153208378464,776.2916730336871,680,0.39702835312205176,0.0013156444841812352
1462.153208378464,776.2916730336871,690,0.524682171263901,0.0017388756201012353
1462.153208378464,776.2916730336871,700,0.4599867452061951,0.0015215249684212354
1462.153208378464,776.2916730336871,710,0.5099030596162746,0.0016816296113012351
1462.153208378464,776.2916730336871,720,0.5480097084816677,0.0018110799516612352
1462.153208378464,776.2916730336871,730,0.6010241847963594,0.0019878285506212353
1462.153208378464,776.2916730336871,740,0.611268865736497,0.002018270710221235
1462.153208378464,776.2916730336871,750,0.6374350436680728,0.0021084329525012354
1462.153208378464,776.2916730336871,760,0.6458462367401232,0.002136005591501235
1462.153208378464,776.2916730336871,770,0.6115305053142243,0.0020218475225812355
1462.153208378464,776.2916730336871,780,0.6270780331365331,0.002066479839181235
1462.153208378464,776.2916730336871,790,0.7059277168293352,0.002338471192621235
1462.153208378464,776.2916730336871,800,0.6058447525540308,0.002002386828941235
1462.153208378464,776.2916730336871,810,0.5722691585631222,0.0018953847905412353
1462.153208378464,776.2916730336871,820,0.6311687411981673,0.002085084120541235
1462.153208378464,776.2916730336871,830,0.6237596970459104,0.002060632730341235
1462.153208378464,776.2916730336871,840,0.715544810578822,0.002363136576341235
1462.153208378464,776.2916730336871,850,0.6282482095721762,0.0020778050076212355
1462.153208378464,776.2916730336871,860,0.7618079194382342,0.0025198508909412354
1462.153208378464,776.2916730336871,870,0.6599306321902274,0.002181556816701235
1462.153208378464,776.2916730336871,880,0.8330021435152382,0.0027572635441412354
1462.153208378464,776.2916730336871,890,0.6363356831038547,0.0021048826856212353
1462.153208378464,776.2916730336871,900,0.692541463507072,0.002286823929501235
1482.153208378464,776.1813877492441,390,0.000761915406362787,2.248912909036e-06
1482.153208378464,776.1813877492441,400,3.9730640930047724e-05,1.1822715236799999e-07
1482.153208378464,776.1813877492441,410,0.0031125662048557255,9.196933501356e-06
1482.153208378464,776.1813877492441,420,0.004270872239156737,1.2619543394556e-05
1482.153208378464,776.1813877492441,430,0.008797511299966696,2.5979978184956e-05
1482.153208378464,776.1813877492441,440,0.017406409396428194,5.1405109676155995e-05
1482.153208378464,776.1813877492441,450,0.023840024968460393,7.039638404015601e-05
1482.153208378464,776.1813877492441,460,0.03713255386165177,0.00010964788904415599
1482.153208378464,776.1813877492441,470,0.046699703712896584,0.00013790254694415598
1482.153208378464,776.1813877492441,480,0.057935882082095186,0.000171061345428156
1482.153208378464,776.1813877492441,490,0.06831168114412138,0.00020170663150815597
1482.153208378464,776.1813877492441,500,0.09957818760600402,0.000294022927272156
1482.153208378464,776.1813877492441,510,0.10750900401557645,0.000317318878056156
1482.153208378464,776.1813877492441,520,0.12324881561537537,0.000364039751448156
1482.153208378464,776.1813877492441,530,0.12225086649252023,0.00036095901580815605
1482.153208378464,776.1813877492441,540,0.1539106673109022,0.00045454920768815595
1482.153208378464,776.1813877492441,550,0.19502663497696737,0.000575673849128156
1482.153208378464,776.1813877492441,560,0.2153603093471533,0.0006357945523681561
1482.153208378464,776.1813877492441,570,0.2068478834154503,0.000610781940048156
1482.153208378464,776.1813877492441,580,0.2558373888714675,0.0007552378232081559
1482.153208378464,776.1813877492441,590,0.25457758512000234,0.0007517569587281561
1482.153208378464,776.1813877492441,600,0.30062646863607084,0.000887827344888156
1482.153208378464,776.1813877492441,610,0.3184164900874761,0.0009398972645281562
1482.153208378464,776.1813877492441,620,0.33413625198636987,0.000986601080368156
1482.153208378464,776.1813877492441,630,0.3305993945269423,0.000975795808608156
1482.153208378464,776.1813877492441,640,0.3771872567672016,0.001112918339168156
1482.153208378464,776.1813877492441,650,0.41890870824074755,0.001236747004648156
1482.153208378464,776.1813877492441,660,0.4344125591785085,0.001282781889888156
1482.153208378464,776.1813877492441,670,0.4916290135175388,0.0014517833982081562
1482.153208378464,776.1813877492441,680,0.4210102274338535,0.001243355081728156
1482.153208378464,776.1813877492441,690,0.49681505647438295,0.0014665222158881561
1482.153208378464,776.1813877492441,700,0.4913076785351638,0.001450934012888156
1482.153208378464,776.1813877492441,710,0.5632916011381515,0.0016628818072881558
1482.153208378464,776.1813877492441,720,0.6168408741014588,0.0018208897166081559
1482.153208378464,776.1813877492441,730,0.6697650656419987,0.001977293352088156
1482.153208378464,776.1813877492441,740,0.5624146514887632,0.001660886917808156
1482.153208378464,776.1813877492441,750,0.5884095975527428,0.0017384369912081558
1482.153208378464,776.1813877492441,760,0.6471088931468154,0.001909917956088156
1482.153208378464,776.1813877492441,770,0.6134263799567647,0.001811745762528156
1482.153208378464,776.1813877492441,780,0.6266893786473549,0.0018510359125281561
1482.153208378464,776.1813877492441,790,0.7342727791409136,0.0021679894651681557
1482.153208378464,776.1813877492441,800,0.6725736155682314,0.0019863685406881558
1482.153208378464,776.1813877492441,810,0.7223735436051852,0.002132361579208156
1482.153208378464,776.1813877492441,820,0.6464525162137457,0.001909559928408156
1482.153208378464,776.1813877492441,830,0.7272795808174422,0.002146972407288156
1482.153208378464,776.1813877492441,840,0.7066104161199385,0.002087143738888156
1482.153208378464,776.1813877492441,850,0.5661184636483346,0.0016706755562881559
1482.153208378464,776.1813877492441,860,0.8263527045567872,0.0024396585982481562
1482.153208378464,776.1813877492441,870,0.7726281685345384,0.002280228986248156
1482.153208378464,776.1813877492441,880,0.7251656703838375,0.002141280927408156
1482.153208378464,776.1813877492441,890,0.7976100743972888,0.002354800777328156
1482.153208378464,776.1813877492441,900,0.6683667997493299,0.001972618003768156
1502.153208378464,776.068544772478,390,0.0010352265019845932,3.128115489788e-06
1502.153208378464,776.068544772478,400,1.970484399073803e-05,6.0086492704e-08
1502.153208378464,776.068544772478,410,0.0021462308211061707,6.418649871588e-06
1502.153208378464,776.068544772478,420,0.0031740531069108973,9.479758967988e-06
1502.153208378464,776.068544772478,430,0.0077983335711049795,2.3331625661587996e-05
1502.153208378464,776.068544772478,440,0.013220370537397021,3.9465410186388005e-05
1502.153208378464,776.068544772478,450,0.02090078205160628,6.2626141882388e-05
1502.153208378464,776.068544772478,460,0.03135068853836361,9.377033102238799e-05
1502.153208378464,776.068544772478,470,0.044772352401554236,0.00013412222728238798
1502.153208378464,776.068544772478,480,0.060266395816203654,0.000180249975366388
1502.153208378464,776.068544772478,490,0.0668084268118918,0.00019992745254638798
1502.153208378464,776.068544772478,500,0.07965687969143166,0.000238314265870388
1502.153208378464,776.068544772478,510,0.11194180197083674,0.000335729888130388
1502.153208378464,776.068544772478,520,0.11513728338021365,0.000344803424330388
1502.153208378464,776.068544772478,530,0.13137643340090582,0.000393320390770388
1502.153208378464,776.068544772478,540,0.14481773478225052,0.00043310712545038794
1502.153208378464,776.068544772478,550,0.1735171201865578,0.0005191244826903879
1502.153208378464,776.068544772478,560,0.18810126675527816,0.0005634384815703879
1502.153208378464,776.068544772478,570,0.22178126420439834,0.000662901565690388
1502.153208378464,776.068544772478,580,0.2633617377178844,0.0007893363517703881
1502.153208378464,776.068544772478,590,0.2894846077226866,0.000866394187690388
1502.153208378464,776.068544772478,600,0.2889269347212973,0.000864454823290388
1502.153208378464,776.068544772478,610,0.2917965975710403,0.000873208504250388
1502.153208378464,776.068544772478,620,0.3354607019540869,0.001006508017090388
1502.153208378464,776.068544772478,630,0.34160426538933736,0.0010196793797303879
1502.153208378464,776.068544772478,640,0.3786844329236232,0.001131259806410388
1502.153208378464,776.068544772478,650,0.35131652799609225,0.001053337352850388
1502.153208378464,776.068544772478,660,0.3823452280501105,0.001142283061770388
1502.153208378464,776.068544772478,670,0.46234723851830895,0.0013843530799303879
1502.153208378464,776.068544772478,680,0.47988352523160366,0.0014370583472103882
1502.153208378464,776.068544772478,690,0.4801936022282375,0.0014404715619703878
1502.153208378464,776.068544772478,700,0.5315714921283555,0.0015913084554903879
1502.153208378464,776.068544772478,710,0.4860234962526641,0.0014539865377303882
1502.153208378464,776.068544772478,720,0.5992968185590339,0.0017953962996103878
1502.153208378464,776.068544772478,730,0.5417265003024757,0.0016219868972103875
1502.153208378464,776.068544772478,740,0.5132694295936276,0.0015318306296903878
1502.153208378464,776.068544772478,750,0.5455596534747412,0.0016324950075303879
1502.153208378464,776.068544772478,760,0.6305459918847387,0.0018844211004903882
1502.153208378464,776.068544772478,770,0.5471497770799305,0.0016402966295703876
1502.153208378464,776.068544772478,780,0.6154674808010675,0.001841119753050388
1502.153208378464,776.068544772478,790,0.6128539353961378,0.001828505269290388
1502.153208378464,776.068544772478,800,0.6170286255165738,0.001848758460370388
1502.153208378464,776.068544772478,810,0.6394343547869186,0.0019070213452503882
1502.153208378464,776.068544772478,820,0.6262710964914396,0.001879258453650388
1502.153208378464,776.068544772478,830,0.6920535150053699,0.0020710657499303877
1502.153208378464,776.068544772478,840,0.7098926671794469,0.002125838767130388
1502.153208378464,776.068544772478,850,0.617265137226923,0.0018437069476503881
1502.153208378464,776.068544772478,860,0.7022832107557818,0.002096367236170388
1502.153208378464,776.068544772478,870,0.7095336270116209,0.002118142662170388
1502.153208378464,776.068544772478,880,0.6882681676110096,0.002059001507370388
1502.153208378464,776.068544772478,890,0.612234048612231,0.0018295532170103878
1502.153208378464,776.068544772478,900,0.7092393848069639,0.0021232698258503878
1562.153208378464,775.7300589424125,390,0.0008733847482899572,2.21009012924e-06
1562.153208378464,775.7300589424125,400,2.851344784997032e-05,7.108688823199999e-08
1562.153208378464,775.7300589424125,410,0.0024467766795776068,6.1387875947599996e-06
1562.153208378464,775.7300589424125,420,0.003394472968839562,8.518083932360001e-06
1562.153208378464,775.7300589424125,430,0.007630271181021179,1.9131970178760002e-05
1562.153208378464,775.7300589424125,440,0.01384480031863613,3.473123835796e-05
1562.153208378464,775.7300589424125,450,0.019255860212079937,4.840746596596e-05
1562.153208378464,775.7300589424125,460,0.026759770032193222,6.729517564596001e-05
1562.153208378464,775.7300589424125,470,0.04104897918216545,0.00010357351400596
1562.153208378464,775.7300589424125,480,0.052600090598561355,0.00013207760302196
1562.153208378464,775.7300589424125,490,0.06847639677994874,0.00017157566098195998
1562.153208378464,775.7300589424125,500,0.09296537106745147,0.00023364609745796
1562.153208378464,775.7300589424125,510,0.08628977173052568,0.00021770526809796
1562.153208378464,775.7300589424125,520,0.11131056722232578,0.00027936055677796004
1562.153208378464,775.7300589424125,530,0.11874079576908377,0.00029948649079796
1562.153208378464,775.7300589424125,540,0.14368428565018537,0.00036141535972596
1562.153208378464,775.7300589424125,550,0.15556436206430863,0.00039300698170996007
1562.153208378464,775.7300589424125,560,0.18435797211893554,0.00046255078588596004
1562.153208378464,775.7300589424125,570,0.19765729410896904,0.00049581735268596
1562.153208378464,775.7300589424125,580,0.21318330336072638,0.0005377390059259601
1562.153208378464,775.7300589424125,590,0.23797475303448667,0.00059922148272596
1562.153208378464,775.7300589424125,600,0.25993209103882103,0.00065328102296596
1562.153208378464,775.7300589424125,610,0.2784177112126333,0.00069908625168596
1562.153208378464,775.7300589424125,620,0.288352677589503,0.0007266784370859601
1562.153208378464,775.7300589424125,630,0.3139250332953367,0.0007906745022459601
1562.153208378464,775.7300589424125,640,0.38436515250004455,0.0009677754358459601
1562.153208378464,775.7300589424125,650,0.3365293080664675,0.00084844936652596
1562.153208378464,775.7300589424125,660,0.32184653680123254,0.0008081569015659601
1562.153208378464,775.7300589424125,670,0.40686454723631693,0.0010195897219659599
1562.153208378464,775.7300589424125,680,0.4939579534371081,0.0012423312300459599
1562.153208378464,775.7300589424125,690,0.43467238024484167,0.00109447503616596
1562.153208378464,775.7300589424125,700,0.46464535199737633,0.00116758769972596
1562.153208378464,775.7300589424125,710,0.5053273249738579,0.0012688326820059599
1562.153208378464,775.7300589424125,720,0.5029126885848512,0.00126201470412596
1562.153208378464,775.7300589424125,730,0.5137552043914989,0.00129269060480596
1562.153208378464,775.7300589424125,740,0.5513306801339894,0.00139033163656596
1562.153208378464,775.7300589424125,750,0.5670670910599476,0.00142962883616596
1562.153208378464,775.7300589424125,760,0.5716336432903742,0.00144170198408596
1562.153208378464,775.7300589424125,770,0.5968849319491584,0.0014958562272859599
1562.153208378464,775.7300589424125,780,0.6595120262372027,0.00166040366324596
1562.153208378464,775.7300589424125,790,0.5829700231780169,0.00146954970816596
1562.153208378464,775.7300589424125,800,0.5325655357916254,0.00134454106736596
1562.153208378464,775.7300589424125,810,0.5470823780644319,0.0013792537226459598
1562.153208378464,775.7300589424125,820,0.596954953502842,0.00149949270824596
1562.153208378464,775.7300589424125,830,0.5931587724452922,0.00149235741308596
1562.153208378464,775.7300589424125,840,0.707438709579371,0.0017780333073659602
1562.153208378464,775.7300589424125,850,0.5722289409912489,0.00143497709932596
1562.153208378464,775.7300589424125,860,0.6344854877216426,0.0015956246272859599
1562.153208378464,775.7300589424125,870,0.6323379664776609,0.0015888460718859602
1562.153208378464,775.7300589424125,880,0.7332393392781934,0.00184731763076596
1562.153208378464,775.7300589424125,890,0.7060396392088041,0.00177918324180596
1562.153208378464,775.7300589424125,900,0.6197269867279699,0.00155945830520596
1582.153208378464,775.6188310247885,390,0.0014012449787760403,3.6108117820131997e-06
1582.153208378464,775.6188310247885,400,9.632841333642401e-05,2.480212588852e-07
1582.153208378464,775.6188310247885,410,0.001371546214977456,3.4871669081332002e-06
1582.153208378464,775.6188310247885,420,0.0027561635101168163,7.033718476413199e-06
1582.153208378464,775.6188310247885,430,0.005578669957411283,1.43248823224132e-05
1582.153208378464,775.6188310247885,440,0.009489551115928392,2.42438047200132e-05
1582.153208378464,775.6188310247885,450,0.0183083336638849,4.67190229924132e-05
1582.153208378464,775.6188310247885,460,0.021711966793609996,5.54695606564132e-05
1582.153208378464,775.6188310247885,470,0.036983946232101945,9.44904484724132e-05
1582.153208378464,775.6188310247885,480,0.0399574601069293,0.00010163631644841321
1582.153208378464,775.6188310247885,490,0.05048958961409632,0.0001283979128284132
1582.153208378464,775.6188310247885,500,0.06342618217030417,0.0001622138533044132
1582.153208378464,775.6188310247885,510,0.07258768006094239,0.0001852379506124132
1582.153208378464,775.6188310247885,520,0.08964960030691163,0.00022863958230841318
1582.153208378464,775.6188310247885,530,0.1014296940279802,0.0002584506916564132
1582.153208378464,775.6188310247885,540,0.12624587673849152,0.0003223551861044132
1582.153208378464,775.6188310247885,550,0.13544291713939785,0.0003451852047884132
1582.153208378464,775.6188310247885,560,0.17127467851880065,0.00043771149658841326
1582.153208378464,775.6188310247885,570,0.17816719964548702,0.00045569363562841326
1582.153208378464,775.6188310247885,580,0.1840994381477353,0.00046983849302841316
1582.153208378464,775.6188310247885,590,0.21003551966208023,0.0005343946531484132
1582.153208378464,775.6188310247885,600,0.2368143355582618,0.0006060410259884131
1582.153208378464,775.6188310247885,610,0.2467873682152516,0.0006268771447084132
1582.153208378464,775.6188310247885,620,0.264960532041974,0.0006748061225884132
1582.153208378464,775.6188310247885,630,0.2730271438919796,0.0006967883576284133
1582.153208378464,775.6188310247885,640,0.3087037715441542,0.0007839831946284132
1582.153208378464,775.6188310247885,650,0.31683141510888363,0.0008075757019084132
1582.153208378464,775.6188310247885,660,0.34490707802691445,0.0008811735713884131
1582.153208378464,775.6188310247885,670,0.3765709816503316,0.0009610520795884132
1582.153208378464,775.6188310247885,680,0.38598820431439873,0.0009845081603084133
1582.153208378464,775.6188310247885,690,0.3879857318857367,0.0009880037566284132
1582.153208378464,775.6188310247885,700,0.45088079202347153,0.0011500404576284132
1582.153208378464,775.6188310247885,710,0.3797427659928132,0.0009668994340684131
1582.153208378464,775.6188310247885,720,0.4118495480036693,0.0010442023697884131
1582.153208378464,775.6188310247885,730,0.4336797763208879,0.0011040276855884131
1582.153208378464,775.6188310247885,740,0.513047291168721,0.0013118514639084134
1582.153208378464,775.6188310247885,750,0.5095782109126071,0.0013021463251884132
1582.153208378464,775.6188310247885,760,0.4779340112002152,0.0012186128199884133
1582.153208378464,775.6188310247885,770,0.5486784523090996,0.0013987110988684132
1582.153208378464,775.6188310247885,780,0.5184884657384269,0.001317838340188413
1582.153208378464,775.6188310247885,790,0.4611610885700661,0.0011730676735084132
1582.153208378464,775.6188310247885,800,0.49605657277559323,0.001262798249108413
1582.153208378464,775.6188310247885,810,0.5535598249752397,0.0014136006152684134
1582.153208378464,775.6188310247885,820,0.48939406147493536,0.0012465270771884133
1582.153208378464,775.6188310247885,830,0.5420815144630116,0.001383861716508413
1582.153208378464,775.6188310247885,840,0.585636614915944,0.0014913444198684132
1582.153208378464,775.6188310247885,850,0.5375837325099045,0.0013709298887084134
1582.153208378464,775.6188310247885,860,0.5611321578053555,0.0014294380413084134
1582.153208378464,775.6188310247885,870,0.5280847142272023,0.0013469095152284136
1582.153208378464,775.6188310247885,880,0.6126262146557978,0.001562387058348413
1582.153208378464,775.6188310247885,890,0.5166583267755775,0.0013139155452284131
1582.153208378464,775.6188310247885,900,0.6537686427861158,0.0016715919855484131
